Book;(Chapter);Chapter;Paragraph
1;1;praef;
1;2;praef;
1;3;praef;
1;4;praef;
1;5;praef;
1;6;praef;
1;7;praef;
1;8;0;0
2;1;1;1
2;1;1;2
2;1;1;3
2;1;1;4
2;2;2;5
2;3;3;6
2;3;3;7
2;3;4;8
2;3;4;9
2;4;5;10
2;4;5;11
2;4;6;12
2;4;6;13
2;5;7;14
2;5;7;15
2;5;7;16
2;5;7;17
2;5;7;18
2;5;7;19
2;5;7;20
2;5;7;21
2;5;7;22
2;5;7;23
2;5;7;24
2;5;7;25
2;5;7;26
2;5;7;27
2;6;8;28
2;6;8;29
2;6;8;30
2;6;8;31
2;6;8;32
2;6;8;33
2;6;8;34
2;6;8;35
2;6;8;36
2;6;8;37
2;6;8;38
2;6;8;39
2;6;8;40
2;6;9;41
2;6;9;42
2;6;9;43
2;6;9;44
2;6;9;45
2;6;9;46
2;6;10;46
2;7;10;47
2;7;10;48
2;8;11;49
2;8;11;50
2;8;11;51
2;8;11;52
2;9;12;53
2;9;12;54
2;9;12;55
2;10;13;56
2;10;13;57
2;11;14;58
2;12;15;59
2;12;15;60
2;12;15;61
2;13;15;62
2;13;15;63
2;13;16;64
2;13;16;65
2;13;16;66
2;13;16;67
2;13;16;68
2;13;16;69
2;13;16;70
2;13;16;71
2;14;17;72
2;14;17;73
2;14;17;74
2;14;17;75
2;14;17;76
2;15;17;77
2;15;17;78
2;16;18;79
2;16;18;80
2;17;19;81
2;18;20;82
2;19;21;83
2;20;22;84
2;21;23;85
2;21;23;86
2;21;23;87
2;21;23;88
2;22;24;89
2;22;25;89
2;22;25;90
2;23;25;91
2;23;25;92
2;23;25;93
2;23;25;94
2;24;26;95
2;25;26;96
2;26;26;96
2;27;27;97
2;28;28;98
2;28;29;98
2;29;29;98
2;30;30;98
2;31;31;99
2;32;32;99
2;33;33;100
2;34;34;100
2;35;35;100
2;36;36;100
2;37;37;101
2;38;38;102
2;38;38;103
2;38;38;104
2;39;39;105
2;39;39;106
2;40;40;107
2;41;41;108
2;41;41;109
2;41;41;110
2;42;42;111
2;43;43;112
2;43;43;113
2;44;43;114
2;44;44;115
2;44;45;115
2;45;45;116
2;45;46;117
2;45;46;118
2;46;47;119
2;46;47;120
2;46;47;121
2;47;47;122
2;47;47;123
2;47;47;124
2;47;47;125
2;48;47;126
2;48;47;127
2;48;47;128
2;48;47;129
2;48;47;130
2;49;48;131
2;49;48;132
2;50;48;133
2;50;49;133
2;50;49;134
2;51;50;135
2;51;50;136
2;52;51;137
2;53;52;138
2;53;52;139
2;54;53;140
2;54;53;141
2;55;54;142
2;55;54;143
2;55;54;144
2;55;54;145
2;56;55;146
2;57;56;147
2;58;57;148
2;59;58;149
2;59;58;150
2;60;59;150
2;60;59;151
2;61;59;151
2;61;60;152
2;61;61;152
2;62;62;153
2;63;63;154
2;63;63;155
2;63;63;156
2;63;63;157
2;63;63;158
2;63;63;159
2;64;64;160
2;65;65;161
2;65;65;162
2;65;65;163
2;65;65;164
2;65;65;165
2;66;65;166
2;66;66;166
2;67;67;167
2;67;67;168
2;67;67;169
2;67;67;170
2;68;68;171
2;68;68;172
2;68;68;173
2;68;68;174
2;68;68;175
2;69;69;176
2;70;70;177
2;71;70;177
2;71;70;178
2;71;70;179
2;72;70;180
2;73;71;181
2;74;72;182
2;75;73;183
2;75;73;184
2;75;73;185
2;76;74;185
2;77;75;186
2;77;75;187
2;78;76;187
2;79;77;188
2;80;78;189
2;80;78;190
2;81;79;191
2;81;79;192
2;82;80;193
2;82;80;194
2;82;80;195
2;83;81;196
2;84;82;197
2;84;82;198
2;85;83;199
2;86;84;200
2;87;85;201
2;88;86;202
2;89;87;202
2;89;88;203
2;90;88;204
2;91;89;204
2;92;90;205
2;93;91;205
2;94;92;206
2;95;93;206
2;95;93;207
2;95;93;208
2;96;94;209
2;97;96;210
2;98;96;211
2;99;97;212
2;99;97;213
2;99;97;214
2;99;97;215
2;99;97;216
2;99;97;217
2;99;97;218
2;100;97;219
2;101;98;220
2;102;99;221
2;103;100;222
2;104;100;222
2;104;101;223
2;105;102;224
2;106;103;224
2;106;103;225
2;106;103;226
2;106;103;227
2;106;103;228
2;106;103;229
2;106;103;230
2;106;103;231
2;106;103;232
2;106;103;233
2;106;103;234
2;107;103;235
2;108;104;235
2;109;105;235
2;110;106;236
2;110;106;237
2;110;106;238
2;111;107;239
2;111;107;240
2;111;107;241
2;112;108;242
2;112;108;243
2;112;108;244
2;112;108;245
2;112;108;246
2;112;108;247
2;112;109;248
2;113;109;248
3;0;1;1
3;0;1;2
3;0;1;3
3;0;1;4
3;1;1;5
3;2;1;6
3;3;1;7
3;3;1;8
3;3;1;9
3;3;1;10
3;3;1;11
3;3;1;12
3;3;1;13
3;3;1;14
3;3;1;15
3;3;1;16
3;3;2;17
3;4;3;18
3;4;3;19
3;4;3;20
3;4;3;21
3;4;3;22
3;4;3;23
3;4;3;24
3;4;3;25
3;4;3;26
3;4;3;27
3;4;3;28
3;4;3;29
3;4;3;30
3;5;4;31
3;5;4;32
3;5;4;33
3;5;4;34
3;5;4;35
3;5;4;36
3;5;4;37
3;6;5;38
3;6;5;39
3;6;5;40
3;6;5;41
3;6;5;42
3;6;5;43
3;6;5;44
3;6;5;45
3;6;5;46
3;7;5;47
3;7;5;48
3;7;5;49
3;8;5;50
3;8;5;51
3;8;5;52
3;9;5;53
3;9;5;54
3;9;5;55
3;9;5;56
3;9;5;57
3;9;5;58
3;9;5;59
3;9;5;60
3;9;5;61
3;9;5;62
3;9;5;63
3;9;5;64
3;9;5;65
3;9;5;66
3;9;5;67
3;9;5;68
3;9;5;69
3;9;5;70
3;10;5;71
3;10;5;72
3;10;5;73
3;10;5;74
3;10;5;75
3;11;5;76
3;11;5;77
3;11;5;78
3;11;5;79
3;12;6;80
3;12;6;81
3;12;6;82
3;13;6;83
3;13;7;84
3;13;7;85
3;14;8;86
3;14;8;87
3;14;8;88
3;14;8;89
3;14;8;90
3;14;8;91
3;14;8;92
3;14;9;93
3;14;9;94
3;15;10;95
3;15;10;96
3;15;11;97
3;15;11;98
3;16;11;99
3;16;11;100
3;16;11;101
3;16;11;102
3;16;11;103
3;16;11;104
3;16;11;105
3;17;12;106
3;17;12;107
3;17;12;108
3;17;12;109
3;18;13;110
3;18;13;111
3;19;14;112
3;19;14;113
3;19;14;114
3;20;15;115
3;20;15;116
3;20;16;117
3;20;16;118
3;20;16;119
3;20;16;120
3;20;16;121
3;20;16;122
3;21;17;123
3;21;17;124
3;21;17;125
3;22;18;126
3;22;18;127
3;22;18;128
3;23;19;129
3;23;19;130
3;23;19;131
3;23;19;132
3;24;20;133
3;24;20;134
3;24;20;135
3;24;20;136
3;24;20;137
3;24;20;138
3;25;21;139
3;25;21;140
3;26;22;141
3;26;22;142
3;26;22;143
3;26;22;144
3;26;23;145
3;27;24;146
3;28;25;147
3;28;25;148
3;29;26;149
3;29;26;150
3;30;26;151
3;30;26;152
4;1;1;1
4;1;1;2
4;1;1;3
4;1;1;4
4;2;1;5
4;3;2;6
4;4;3;7
4;4;3;8
4;5;4;9
4;5;4;10
4;5;4;10
4;6;5;12
4;6;5;13
4;6;5;14
4;7;5;15
4;8;5;16
4;9;5;17
4;9;5;18
4;9;5;19
4;10;6;20
4;10;6;21
4;10;6;22
4;11;7;23
4;11;7;24
4;12;7;25
4;12;7;26
4;12;7;27
4;13;7;28
4;14;7;28
4;15;8;29
4;15;8;30
4;15;8;31
4;16;9;32
4;17;10;33
4;17;10;34
4;17;10;35
4;17;10;36
4;17;10;37
4;17;10;38
4;17;10;39
4;18;11;40
4;18;11;41
4;18;11;42
4;18;11;43
4;18;11;44
4;18;11;45
4;18;11;46
4;18;11;47
4;18;11;48
4;18;11;49
4;18;11;50
4;18;11;51
4;19;12;52
4;19;12;53
4;19;12;54
4;19;12;55
4;19;12;56
4;19;12;57
4;20;12;58
4;20;12;59
4;20;12;60
4;20;12;61
4;20;12;62
4;21;12;63
4;21;12;64
4;22;12;65
4;22;12;66
4;22;12;67
4;23;12;68
4;23;12;69
4;23;12;70
4;23;12;71
4;23;12;72
4;23;12;73
4;23;12;74
4;24;12;74
4;24;12;75
4;24;12;76
4;24;12;77
4;24;12;78
4;24;12;79
4;25;12;80
4;25;12;81
4;26;12;82
4;26;12;83
4;26;12;84
4;26;12;85
4;26;12;86
4;26;12;87
4;26;12;88
4;26;12;89
4;26;12;90
4;26;12;91
4;27;12;91
4;27;13;92
4;27;13;93
4;27;13;94
4;27;13;95
4;27;13;96
4;27;13;97
4;28;13;98
4;28;14;98
4;28;14;99
4;28;14;100
4;29;15;101
4;30;16;102
4;30;16;103
4;30;16;104
4;31;17;105
4;31;17;106
4;32;18;107
4;33;19;108
4;33;19;109
4;34;20;110
4;34;20;111
4;34;20;112
4;35;21;113
4;35;22;114
4;35;22;115
4;35;22;116
4;35;22;117
4;35;22;118
4;36;22;119
4;36;22;120
4;37;23;121
4;37;23;122
5;1;1;1
5;1;1;2
5;1;1;3
5;1;1;4
5;1;1;5
5;1;1;6
5;1;1;7
5;1;1;8
5;1;1;9
5;1;1;10
5;1;1;11
5;1;1;12
5;1;1;13
5;1;1;14
5;1;1;15
5;1;1;16
5;1;2;17
5;1;2;18
5;1;2;19
5;1;2;20
5;1;2;21
5;2;3;22
5;3;4;23
5;3;4;24
5;3;4;25
5;4;4;26
5;4;4;27
5;4;4;28
5;4;4;29
5;4;4;30
5;5;5;31
5;5;5;32
5;5;5;33
5;5;5;34
5;5;5;35
5;5;5;36
5;5;5;37
5;5;5;38
5;6;6;39
5;6;6;40
5;7;7;41
5;7;7;42
5;8;8;43
5;8;8;44
5;8;8;45
5;8;8;46
5;9;9;47
5;9;9;48
5;9;9;49
5;9;9;50
5;10;9;51
5;10;9;52
5;10;9;53
5;10;9;54
5;10;9;55
5;10;9;56
5;10;9;57
5;10;9;58
5;10;9;59
5;11;9;60
5;11;9;61
5;11;10;62
5;11;10;63
5;11;10;64
5;12;11;65
5;13;12;66
5;13;12;67
5;14;12;68
5;14;13;68
5;14;13;69
5;15;14;70
5;15;15;71
5;15;16;72
5;15;17;73
5;16;18;74
5;17;19;75
5;17;19;76
5;17;20;77
5;17;20;78
5;18;20;79
5;18;21;79
5;18;22;80
5;19;23;81
5;19;23;82
5;20;24;83
5;20;24;84
5;20;24;85
5;21;24;86
5;21;24;87
5;21;25;88
5;21;26;89
5;21;26;90
5;22;27;91
5;22;27;92
5;22;27;93
5;23;27;94
5;24;27;94
5;25;27;95
5;26;27;96
5;27;27;97
5;27;27;98
5;27;27;99
5;28;27;100
5;28;27;101
5;28;27;102
5;29;27;103
5;29;28;103
5;29;28;104
5;29;28;105
5;29;29;105
5;29;29;106
5;29;29;107
5;29;29;108
5;29;29;109
5;30;29;110
5;30;29;111
5;31;29;112
5;31;29;113
5;31;29;114
5;31;29;115
5;31;29;116
5;31;29;117
5;31;29;118
5;31;29;119
5;31;29;120
5;32;30;121
5;32;30;122
5;32;30;123
5;33;30;124
5;33;30;125
5;33;30;126
5;33;30;127
5;34;31;128
5;35;31;129
5;35;31;130
5;35;31;131
5;36;31;132
5;36;31;133
5;36;31;134
5;37;31;135
5;38;31;136
5;38;31;137
5;38;31;138
5;39;31;139
5;39;31;140
5;40;32;141
5;40;32;142
5;40;32;143
5;40;32;144
5;41;32;145
5;42;32;146
5;42;32;147
5;43;32;148
5;43;32;149
5;43;32;150
5;44;32;151
6;1;1;1
6;1;1;2
6;1;1;3
6;1;1;4
6;2;2;5
6;2;2;6
6;2;2;7
6;3;3;8
6;3;3;9
6;4;3;10
6;4;4;11
6;4;4;12
6;4;4;13
6;4;4;14
6;5;5;15
6;5;5;16
6;5;5;17
6;5;6;17
6;6;6;18
6;6;7;18
6;7;7;19
6;7;7;20
6;7;7;21
6;7;7;22
6;8;8;23
6;8;8;24
6;9;9;25
6;10;9;26
6;10;9;27
6;10;9;28
6;11;10;29
6;12;11;30
6;12;11;31
6;13;12;32
6;14;13;33
6;14;13;34
6;14;13;35
6;15;13;36
6;15;13;37
6;15;13;38
6;15;13;39
6;15;13;40
6;16;13;41
6;16;13;42
6;17;14;43
6;17;15;44
6;17;15;45
6;18;16;46
6;18;16;47
6;18;16;48
6;18;16;49
6;19;17;50
6;19;17;51
6;19;17;52
6;20;17;53
6;20;17;54
6;20;17;55
6;21;17;56
6;21;17;57
6;21;17;58
6;21;17;59
6;21;17;60
6;21;17;61
6;21;17;62
6;21;17;63
6;21;17;64
6;22;18;65
6;22;19;66
6;22;19;67
6;22;19;68
6;22;19;69
6;22;19;70
6;23;20;71
6;23;20;72
6;23;20;73
6;23;20;74
6;23;20;75
6;23;20;76
6;23;20;77
6;23;20;78
6;23;21;79
6;23;21;80
6;24;22;81
6;24;22;82
6;24;22;83
6;24;22;84
6;24;22;85
6;24;22;86
6;24;22;87
6;24;22;88
6;24;22;89
6;24;22;90
6;24;22;91
6;25;22;92
6;25;23;92
6;25;23;93
6;25;23;94
6;25;23;95
6;26;23;96
6;26;23;97
6;26;23;98
6;26;23;99
6;26;23;100
6;26;23;101
6;26;23;102
6;26;23;103
6;26;23;104
6;26;23;105
6;26;23;106
6;27;23;107
6;28;23;107
6;28;24;108
6;28;24;109
6;28;25;110
6;28;25;111
6;29;25;112
6;29;25;113
6;29;26;113
6;29;26;114
6;29;26;115
6;29;26;116
6;30;26;117
6;30;26;118
6;30;26;119
6;30;26;120
6;30;26;121
6;30;26;122
6;30;26;123
6;30;26;124
6;30;26;125
6;30;26;126
6;31;26;126
6;31;27;127
6;31;27;128
6;31;27;129
6;31;27;130
6;31;27;131
6;31;27;132
6;31;27;133
6;31;27;134
6;31;27;135
6;31;27;136
6;31;27;137
6;31;27;138
6;31;27;139
6;31;27;140
6;31;27;141
6;32;28;142
6;32;28;143
6;32;28;144
6;32;28;145
6;32;28;146
6;32;28;147
6;32;28;148
6;32;28;149
6;32;28;150
6;32;28;151
6;32;28;152
6;32;28;153
6;32;28;154
6;32;28;155
6;32;28;156
6;32;28;157
6;32;28;158
6;32;28;159
6;32;28;160
6;32;28;161
6;32;28;162
6;33;28;163
6;33;29;164
6;33;29;165
6;33;29;166
6;33;29;167
6;33;29;168
6;34;29;169
6;34;29;170
6;34;29;171
6;34;29;172
6;34;29;173
6;34;29;174
6;34;29;175
6;34;29;176
6;34;29;177
6;35;29;178
6;35;29;179
6;35;29;180
6;35;29;181
6;35;29;182
6;35;29;183
6;35;29;184
6;35;29;185
6;35;29;186
6;35;30;187
6;35;30;188
6;35;30;189
6;35;30;190
6;35;30;191
6;35;30;192
6;35;30;193
6;35;30;194
6;35;30;195
6;35;30;196
6;35;30;197
6;36;31;198
6;36;31;199
6;36;31;200
6;36;31;201
6;37;32;202
6;37;32;203
6;37;32;204
6;37;32;205
6;38;32;205
6;38;33;206
6;38;33;207
6;38;33;208
6;38;33;209
6;38;33;210
6;39;33;211
6;39;34;212
6;39;34;213
6;39;34;214
6;39;34;215
6;39;34;216
6;39;34;217
6;39;34;218
6;39;34;219
6;39;34;220
7;1;1;1
7;1;1;2
7;1;1;3
7;1;1;4
7;1;1;5
7;1;1;6
7;1;1;7
7;1;1;8
7;2;2;9
7;2;2;10
7;2;2;11
7;2;2;12
7;2;2;13
7;2;2;14
7;2;2;15
7;2;2;16
7;2;2;17
7;2;2;18
7;2;2;19
7;2;2;20
7;2;2;21
7;2;2;22
7;2;2;23
7;2;2;24
7;2;2;25
7;2;2;26
7;2;2;27
7;2;2;28
7;2;2;29
7;2;2;30
7;2;2;31
7;2;2;32
7;3;3;33
7;3;3;34
7;3;3;35
7;3;4;36
7;3;4;37
7;4;5;38
7;4;5;39
7;4;5;40
7;5;6;41
7;5;6;42
7;5;7;43
7;5;7;44
7;6;8;45
7;6;8;46
7;7;9;47
7;8;10;47
7;9;11;48
7;9;11;49
7;10;11;50
7;10;12;51
7;10;12;52
7;10;12;53
7;10;12;54
7;10;12;55
7;10;12;56
7;11;13;57
7;11;13;58
7;11;13;59
7;11;13;60
7;12;14;61
7;12;14;62
7;13;15;63
7;13;15;64
7;13;15;65
7;13;15;66
7;14;15;66
7;14;16;67
7;15;16;68
7;15;16;69
7;15;16;70
7;15;16;71
7;15;16;72
7;16;16;73
7;16;16;74
7;16;16;75
7;17;16;76
7;17;17;77
7;18;17;77
7;18;18;78
7;18;19;79
7;18;19;80
7;19;20;81
7;19;20;82
7;19;20;83
7;20;20;84
7;21;21;85
7;22;22;86
7;23;23;87
7;24;24;88
7;24;24;89
7;24;24;90
7;25;25;91
7;25;25;92
7;25;25;93
7;26;25;93
7;26;25;94
7;27;26;95
7;27;26;96
7;27;26;97
7;27;26;98
7;27;26;99
7;28;27;100
7;29;28;101
7;29;28;102
7;29;28;103
7;29;28;104
7;29;28;105
7;29;28;106
7;30;29;107
7;30;29;108
7;30;29;109
7;31;30;110
7;31;30;111
7;31;30;112
7;31;30;113
7;31;30;114
7;31;30;115
7;31;30;116
7;31;30;117
7;31;31;118
7;32;32;119
7;33;33;119
7;34;34;120
7;35;35;120
7;36;36;121
7;36;36;122
7;37;37;123
7;37;37;124
7;38;37;125
7;39;38;126
7;39;38;127
7;40;39;128
7;40;39;129
7;41;40;130
7;41;40;131
7;41;40;132
7;42;41;133
7;43;42;134
7;43;43;134
7;44;43;135
7;44;43;136
7;44;43;137
7;44;43;138
7;45;43;139
7;45;43;140
7;45;43;141
7;45;44;142
7;45;44;143
7;45;44;144
7;45;44;145
7;45;44;146
7;46;45;147
7;46;45;148
7;46;45;149
7;46;45;150
7;47;46;151
7;48;47;152
7;49;48;153
7;49;48;154
7;49;48;155
7;49;48;156
7;49;48;157
7;49;48;158
7;49;48;159
7;50;49;160
7;50;49;161
7;50;49;162
7;50;49;163
7;50;49;164
7;50;49;165
7;51;50;166
7;51;50;167
7;51;50;168
7;51;50;169
7;51;50;170
7;52;51;171
7;52;51;172
7;53;52;173
7;53;52;174
7;53;52;175
7;53;52;176
7;53;52;177
7;53;52;178
7;53;52;179
7;54;53;180
7;54;53;181
7;54;53;182
7;54;53;183
7;54;53;184
7;54;53;185
7;54;53;186
7;55;54;187
7;56;55;188
7;56;55;189
7;56;55;190
7;57;56;191
7;57;56;192
7;57;56;193
7;57;56;194
7;57;56;195
7;57;56;196
7;57;56;197
7;57;56;198
7;57;56;199
7;57;56;200
7;57;56;201
7;57;56;202
7;57;56;203
7;57;56;204
7;57;56;205
7;57;56;206
7;57;56;207
7;57;56;208
7;57;56;209
7;58;57;210
7;58;58;210
7;59;59;211
7;60;60;212
7;60;60;213
7;60;60;214
7;60;60;215
8;1;1;1
8;1;1;2
8;1;1;3
8;2;2;4
8;2;2;5
8;3;3;6
8;4;3;7
8;4;3;8
8;5;4;9
8;5;4;10
8;5;5;11
8;5;5;12
8;5;5;13
8;5;5;14
8;5;5;15
8;6;6;16
8;6;6;17
8;7;7;18
8;7;7;19
8;7;7;20
8;7;7;21
8;7;7;22
8;7;7;23
8;8;8;24
8;8;8;25
8;8;8;26
8;9;9;27
8;10;10;28
8;10;10;29
8;10;10;30
8;10;10;31
8;11;11;32
8;12;12;33
8;12;12;34
8;13;13;35
8;14;14;36
8;14;14;37
8;15;15;38
8;16;15;39
8;16;15;40
8;17;15;41
8;17;16;42
8;17;16;43
8;17;16;44
8;17;16;45
8;18;16;46
8;18;16;47
8;19;16;48
8;19;16;49
8;19;16;50
8;19;16;51
8;19;16;52
8;20;16;53
8;21;16;54
8;21;16;55
8;21;16;56
8;21;16;57
8;21;16;58
8;21;17;59
8;21;17;60
8;22;17;61
8;23;17;62
8;23;17;63
8;24;17;64
8;25;17;65
8;25;18;66
8;26;18;67
8;26;18;68
8;27;18;69
8;28;19;70
8;29;20;71
8;30;21;72
8;30;21;73
8;30;21;74
8;30;21;75
8;31;21;76
8;32;21;77
8;33;21;78
8;33;21;79
8;34;22;80
8;34;22;81
8;34;22;82
8;34;22;83
8;34;22;84
8;35;23;85
8;35;23;86
8;35;23;87
8;35;24;87
8;36;24;88
8;37;25;89
8;37;25;90
8;38;25;91
8;38;25;92
8;38;25;93
8;38;25;94
8;39;25;95
8;40;26;96
8;41;27;97
8;41;27;98
8;41;27;99
8;41;27;100
8;41;27;101
8;42;28;102
8;42;28;103
8;43;29;104
8;44;30;105
8;44;30;106
8;45;30;107
8;46;30;108
8;47;30;109
8;48;31;110
8;49;31;111
8;50;32;112
8;50;32;113
8;50;32;114
8;50;32;115
8;50;32;116
8;50;32;117
8;50;32;118
8;50;32;119
8;50;33;120
8;51;33;120
8;51;33;121
8;51;33;122
8;52;34;123
8;52;34;124
8;53;35;125
8;54;36;126
8;54;36;127
8;54;36;128
8;54;36;129
8;54;36;130
8;54;36;131
8;55;37;132
8;56;37;133
8;56;37;134
8;56;37;135
8;57;38;136
8;57;38;137
8;58;38;138
8;59;39;139
8;59;39;140
8;60;39;141
8;61;40;142
8;61;40;143
8;61;40;144
8;61;40;145
8;61;40;146
8;61;40;147
8;61;40;148
8;61;40;149
8;61;40;150
8;62;40;151
8;63;40;152
8;63;41;152
8;63;41;153
8;64;42;154
8;64;42;155
8;64;42;156
8;64;42;157
8;64;42;158
8;65;42;159
8;65;42;160
8;65;42;161
8;65;42;162
8;66;42;163
8;66;42;164
8;66;42;165
8;67;42;166
8;68;43;167
8;68;43;168
8;68;43;169
8;68;43;170
8;69;44;171
8;69;44;172
8;69;44;173
8;69;44;174
8;69;44;175
8;70;45;176
8;70;45;177
8;70;45;178
8;70;45;179
8;70;45;180
8;70;45;181
8;70;45;182
8;70;45;183
8;71;46;184
8;71;46;185
8;71;46;186
8;72;47;187
8;72;47;188
8;72;47;189
8;73;48;190
8;73;48;191
8;73;48;192
8;73;48;193
8;74;48;194
8;74;48;195
8;74;48;196
8;74;48;197
8;75;48;198
8;75;49;199
8;76;50;200
8;76;50;201
8;76;50;202
8;76;50;203
8;76;50;204
8;77;51;205
8;77;51;206
8;77;51;207
8;77;51;208
8;77;51;209
8;78;51;210
8;78;52;211
8;78;52;212
8;79;53;213
8;79;53;214
8;80;54;215
8;80;54;216
8;81;55;217
8;81;55;218
8;81;55;219
8;82;56;220
8;82;57;221
8;82;57;222
8;82;57;223
8;82;57;224
8;83;58;225
8;83;58;226
8;83;58;227
8;83;58;228
8;84;59;229
9;1;1;1
9;1;2;2
9;1;2;3
9;2;3;4
9;2;3;5
9;2;3;6
9;2;3;7
9;3;4;8
9;4;5;9
9;4;5;10
9;4;5;11
9;5;6;12
9;5;6;13
9;5;6;14
9;5;6;15
9;6;6;16
9;6;7;16
9;6;7;17
9;6;7;18
9;6;7;19
9;7;8;20
9;7;8;21
9;7;8;22
9;7;8;23
9;8;8;24
9;8;8;25
9;8;8;26
9;8;8;27
9;8;8;28
9;9;8;29
9;9;8;30
9;9;8;31
9;9;8;32
9;10;8;33
9;11;9;34
9;12;10;35
9;12;10;36
9;12;10;37
9;12;10;38
9;13;11;39
9;14;12;40
9;15;13;41
9;15;13;42
9;15;14;43
9;16;14;43
9;17;15;44
9;17;15;45
9;17;15;46
9;18;15;47
9;18;15;48
9;19;15;49
9;20;15;50
9;20;15;51
9;20;15;52
9;20;15;53
9;21;15;54
9;22;16;55
9;23;16;56
9;24;16;57
9;25;16;58
9;26;17;59
9;27;17;60
9;28;17;61
9;29;17;62
9;29;17;63
9;30;17;64
9;30;17;65
9;30;17;66
9;31;17;67
9;31;18;68
9;32;18;68
9;33;18;69
9;34;19;70
9;35;19;71
9;36;20;72
9;37;20;73
9;38;21;74
9;38;22;75
9;39;23;76
9;39;23;77
9;40;24;78
9;41;25;79
9;41;25;80
9;42;26;81
9;43;26;82
9;43;27;82
9;44;28;83
9;45;29;84
9;46;29;85
9;46;29;86
9;46;29;87
9;47;29;88
9;48;30;89
9;48;30;90
9;48;30;91
9;48;30;92
9;48;30;93
9;49;30;94
9;50;30;95
9;50;31;96
9;51;31;97
9;51;31;98
9;51;31;99
9;51;31;100
9;51;32;101
9;51;33;101
9;52;33;102
9;52;33;103
9;53;34;104
9;53;35;105
9;54;35;106
9;54;35;107
9;54;35;108
9;54;35;109
9;55;35;110
9;55;35;111
9;56;35;112
9;56;35;113
9;56;35;114
9;56;35;115
9;57;35;116
9;58;35;117
9;58;35;118
9;58;35;119
9;58;35;120
9;58;35;121
9;59;35;122
9;59;35;123
9;60;35;124
9;60;36;125
9;60;36;126
9;60;36;127
9;60;36;128
9;61;36;129
9;61;36;130
9;61;37;131
9;61;37;132
9;62;38;133
9;62;38;134
9;62;38;135
9;63;39;136
9;63;39;137
9;64;39;138
9;64;40;138
9;65;40;139
9;65;41;139
9;65;41;140
9;65;41;141
9;66;42;142
9;67;42;143
9;67;42;144
9;67;43;145
9;67;44;145
9;68;45;146
9;68;45;147
9;69;45;148
9;69;45;149
9;69;45;150
9;70;46;151
9;70;46;152
9;70;46;153
9;70;47;153
9;71;47;154
9;72;48;155
9;73;49;156
9;74;50;157
9;74;51;158
9;74;51;159
9;74;51;160
9;74;51;161
9;74;51;162
9;74;51;163
9;74;51;164
9;75;51;165
9;76;51;166
9;77;52;166
9;78;53;167
9;79;54;168
9;79;54;169
9;80;54;170
9;81;55;171
9;81;55;172
9;82;56;173
9;82;56;174
9;83;57;175
9;83;57;176
9;83;57;177
9;83;57;178
9;84;58;179
9;85;59;180
9;85;59;181
9;85;59;182
9;86;60;183
9;87;61;184
9;88;62;185
9;88;62;186
10;1;1;1
10;1;1;2
10;2;2;3
10;2;2;4
10;2;2;5
10;3;3;6
10;3;3;7
10;3;3;8
10;3;3;9
10;3;3;10
10;3;3;11
10;4;3;12
10;4;3;13
10;4;3;14
10;4;3;15
10;5;4;16
10;5;4;17
10;6;5;18
10;7;6;19
10;8;7;20
10;9;8;21
10;9;8;22
10;10;8;23
10;10;8;24
10;11;9;25
10;11;9;26
10;11;9;27
10;12;10;28
10;13;11;29
10;14;12;30
10;14;12;31
10;15;12;31
10;15;12;32
10;15;12;33
10;16;12;34
10;16;12;35
10;17;13;36
10;17;14;37
10;17;15;37
10;18;16;38
10;19;17;39
10;20;18;40
10;20;18;41
10;21;18;42
10;21;19;42
10;22;19;43
10;22;20;43
10;22;20;44
10;23;20;45
10;24;21;46
10;24;21;47
10;24;21;48
10;24;21;49
10;25;21;50
10;26;22;51
10;27;22;52
10;27;22;53
10;27;22;54
10;28;22;55
10;29;22;56
10;29;22;57
10;30;23;58
10;30;23;59
10;30;23;60
10;31;23;61
10;31;23;62
10;32;23;63
10;33;23;64
10;33;23;65
10;33;23;66
10;33;23;67
10;33;23;68
10;33;23;69
10;34;24;70
10;34;24;71
10;35;24;72
10;35;24;73
10;36;25;73
10;37;26;74
10;38;26;74
10;39;27;75
10;40;28;75
10;41;29;76
10;41;29;77
10;41;29;78
10;41;29;79
10;42;29;80
10;43;29;81
10;43;29;82
10;43;29;83
10;43;29;84
10;43;29;85
10;44;29;86
10;45;29;87
10;45;30;87
10;46;31;88
10;47;32;89
10;47;32;90
10;47;32;91
10;48;32;91
10;49;33;92
10;49;33;93
10;49;33;94
10;49;33;95
10;50;33;96
10;50;33;97
10;50;33;98
10;51;33;99
10;51;33;100
10;51;33;101
10;51;33;102
10;51;33;103
10;52;34;104
10;52;34;105
10;52;35;106
10;52;36;107
10;52;36;108
10;52;37;109
10;53;37;110
10;54;37;111
10;54;38;111
10;54;38;112
10;54;38;113
10;55;39;114
10;56;39;115
10;56;40;115
10;57;41;116
10;57;42;116
10;58;42;117
10;59;42;118
10;59;42;119
10;59;42;120
10;60;43;121
10;60;43;122
10;60;43;123
10;60;43;124
10;60;43;125
10;61;44;126
10;61;44;127
10;62;45;128
10;63;46;129
10;64;47;130
10;65;47;130
10;66;47;131
10;67;47;132
10;67;48;132
10;68;48;133
10;68;48;134
10;69;49;135
10;70;49;136
10;70;49;137
10;70;49;138
10;71;50;139
10;71;50;140
10;72;50;141
10;72;51;141
10;72;51;142
10;73;52;143
10;74;52;144
10;74;52;145
10;74;53;146
10;74;53;147
10;74;53;148
10;74;53;149
10;74;53;150
10;75;54;151
10;75;54;152
10;75;54;153
10;76;55;154
10;76;55;155
10;77;56;156
10;78;57;157
10;79;58;158
10;79;58;159
10;79;58;160
10;79;59;161
10;79;59;162
10;79;59;163
10;79;60;164
10;79;60;165
10;80;60;166
10;80;60;167
10;81;61;168
10;82;62;169
10;82;62;170
10;83;63;171
10;83;63;172
10;83;63;173
10;83;63;174
10;83;63;175
10;83;63;176
10;83;63;177
10;83;63;178
10;83;63;179
10;83;63;180
10;83;63;181
10;83;63;182
10;84;64;183
10;84;64;184
10;84;65;184
10;85;65;185
10;85;65;186
10;85;65;187
10;86;66;188
10;86;67;188
10;87;68;189
10;87;68;190
10;88;69;191
10;88;69;192
10;89;70;193
10;90;70;194
10;90;70;195
10;90;71;195
10;91;71;196
10;92;72;197
10;93;72;198
10;93;72;199
10;93;72;200
10;94;72;201
10;94;72;202
10;95;74;203
10;95;74;204
10;95;74;205
10;95;74;206
10;96;74;207
10;96;74;208
10;97;75;209
10;97;75;210
10;98;75;211
10;98;75;212
11;1;1;1
11;1;2;2
11;1;2;3
11;1;2;4
11;2;3;5
11;2;3;6
11;2;3;7
11;2;3;8
11;3;4;9
11;3;4;10
11;4;5;11
11;4;5;12
11;5;6;13
11;5;6;14
11;5;6;15
11;6;7;16
11;7;7;17
11;8;8;18
11;8;8;19
11;9;9;19
11;10;10;20
11;10;10;21
11;10;10;22
11;10;10;23
11;10;10;24
11;10;10;25
11;10;10;26
11;10;11;26
11;11;11;27
11;11;11;28
11;12;11;29
11;12;12;30
11;12;12;31
11;13;13;32
11;14;14;33
11;14;14;34
11;14;14;35
11;14;14;36
11;14;14;37
11;15;15;38
11;15;15;39
11;15;15;40
11;15;16;41
11;15;16;42
11;15;16;43
11;15;16;44
11;15;16;45
11;16;16;46
11;16;16;47
11;16;16;48
11;16;16;49
11;16;16;50
11;16;16;51
11;17;17;51
11;17;17;52
11;17;17;53
11;17;17;54
11;18;17;55
11;18;17;56
11;18;17;57
11;18;17;58
11;19;18;59
11;19;18;60
11;19;18;61
11;19;18;62
11;20;18;63
11;20;18;64
11;20;19;64
11;21;19;65
11;21;19;66
11;21;19;67
11;22;20;68
11;22;20;69
11;23;20;69
11;23;20;70
11;24;21;71
11;24;21;72
11;24;21;73
11;24;21;74
11;25;22;75
11;26;22;76
11;27;23;77
11;27;23;78
11;28;24;79
11;28;24;80
11;28;24;81
11;28;24;82
11;28;24;83
11;28;24;84
11;29;24;85
11;30;25;86
11;30;25;87
11;30;25;88
11;30;25;89
11;30;25;90
11;30;25;91
11;31;26;91
11;32;26;92
11;32;26;93
11;32;26;94
11;32;27;95
11;33;28;96
11;34;28;97
11;34;28;98
11;34;28;99
11;34;28;100
11;35;29;101
11;35;29;102
11;35;29;103
11;35;29;104
11;35;29;105
11;35;29;106
11;35;29;107
11;36;30;108
11;36;30;109
11;36;30;110
11;36;31;111
11;37;32;112
11;38;33;113
11;39;33;113
11;39;33;114
11;39;33;115
11;40;34;116
11;41;35;117
11;41;35;118
11;42;36;119
11;43;36;120
11;44;37;121
11;44;37;122
11;45;37;123
11;45;37;124
11;45;37;125
11;45;37;126
11;45;37;127
11;45;37;128
11;46;37;129
11;47;37;130
11;47;37;131
11;48;37;132
11;49;37;133
11;49;37;134
11;49;37;135
11;50;37;136
11;50;37;137
11;51;37;138
11;52;37;139
11;52;37;140
11;53;37;141
11;54;37;142
11;54;37;143
11;54;37;144
11;54;37;145
11;54;37;146
11;54;37;147
11;55;37;148
11;55;37;149
11;55;37;150
11;55;37;151
11;55;37;152
11;55;37;153
11;56;37;154
11;56;37;155
11;57;37;156
11;57;37;157
11;58;37;157
11;59;37;158
11;60;37;159
11;61;37;160
11;61;37;161
11;61;37;162
11;62;37;163
11;62;37;164
11;62;37;165
11;63;37;166
11;63;37;167
11;64;37;168
11;64;37;169
11;64;37;170
11;65;37;171
11;65;37;172
11;65;37;173
11;65;37;174
11;66;37;175
11;66;37;176
11;67;37;177
11;67;37;178
11;68;37;179
11;68;37;180
11;69;37;181
11;69;37;182
11;70;37;183
11;70;37;184
11;70;37;185
11;71;37;186
11;71;37;187
11;72;37;188
11;73;37;189
11;73;37;190
11;74;37;191
11;74;37;192
11;75;37;193
11;75;37;194
11;75;37;195
11;76;37;196
11;77;37;197
11;77;37;198
11;78;37;199
11;79;37;200
11;79;37;201
11;79;37;202
11;79;37;203
11;80;37;204
11;80;37;205
11;81;37;206
11;82;37;207
11;83;37;208
11;84;37;209
11;84;37;210
11;84;37;211
11;85;37;212
11;85;37;213
11;86;37;214
11;87;37;215
11;87;37;216
11;88;37;217
11;88;37;218
11;89;37;219
11;89;37;220
11;90;38;221
11;90;38;222
11;90;38;223
11;91;38;224
11;91;38;225
11;92;39;226
11;93;39;227
11;94;39;228
11;94;39;229
11;94;39;230
11;94;39;231
11;95;39;232
11;95;40;233
11;95;40;234
11;95;40;235
11;96;41;236
11;96;41;237
11;96;41;238
11;96;41;239
11;97;42;240
11;97;42;241
11;97;42;242
11;98;43;243
11;99;43;244
11;99;43;245
11;100;44;246
11;101;45;247
11;101;45;248
11;102;45;249
11;103;45;250
11;103;45;251
11;104;45;252
11;105;45;253
11;105;45;254
11;106;46;255
11;107;47;256
11;107;47;257
11;108;48;258
11;108;48;259
11;108;48;260
11;108;49;260
11;109;49;261
11;109;49;262
11;110;49;263
11;111;50;264
11;111;50;265
11;112;51;266
11;112;51;267
11;112;51;268
11;112;51;269
11;112;51;270
11;112;51;271
11;113;52;272
11;114;52;273
11;114;52;274
11;114;52;275
11;114;52;276
11;115;53;277
11;115;53;278
11;115;53;279
11;116;53;280
11;116;53;281
11;117;53;282
11;118;53;283
11;118;54;283
11;119;54;284
12;1;1;1
12;1;1;2
12;2;1;3
12;2;1;4
12;2;1;5
12;3;1;6
12;3;1;7
12;4;1;8
12;5;1;9
12;5;1;10
12;5;1;11
12;5;1;12
12;6;2;13
12;7;3;14
12;7;3;15
12;7;3;16
12;8;4;17
12;8;4;18
12;8;4;19
12;9;4;20
12;10;5;21
12;11;5;22
12;11;5;23
12;12;6;24
12;13;6;25
12;14;7;26
12;14;7;27
12;14;7;28
12;14;7;29
12;15;7;30
12;15;7;31
12;16;8;32
12;17;8;32
12;18;8;33
12;18;8;34
12;19;9;35
12;19;9;36
12;20;9;37
12;21;10;38
12;21;11;39
12;22;11;39
12;23;11;40
12;24;11;41
12;25;12;41
12;26;12;42
12;26;12;43
12;26;12;44
12;26;12;45
12;26;12;46
12;27;13;47
12;28;13;48
12;28;13;49
12;29;13;50
12;30;13;51
12;30;14;51
12;30;14;52
12;30;14;53
12;30;14;54
12;31;14;55
12;31;14;56
12;31;14;57
12;32;14;58
12;32;14;59
12;32;14;60
12;32;14;61
12;32;14;62
12;32;14;63
12;32;14;64
12;32;14;65
12;33;15;66
12;34;15;67
12;35;15;68
12;35;16;69
12;35;16;70
12;35;16;71
12;36;17;72
12;37;17;73
12;37;17;74
12;37;17;75
12;37;17;76
12;38;17;77
12;38;17;78
12;39;17;78
12;40;17;79
12;40;17;80
12;40;17;81
12;41;18;82
12;41;18;83
12;41;18;84
12;42;19;85
12;42;19;86
12;42;19;87
12;42;19;88
12;42;19;89
12;42;19;90
12;42;19;91
12;42;19;92
12;42;19;93
12;42;19;94
12;43;19;95
12;43;19;96
12;43;19;97
12;43;20;98
12;44;20;98
12;45;21;99
12;46;21;100
12;46;21;101
12;46;21;102
12;47;22;103
12;48;22;104
12;48;22;105
12;48;22;106
12;49;22;107
12;49;23;107
12;50;23;108
12;51;24;109
12;52;24;110
12;53;24;111
12;54;25;111
12;54;25;112
12;54;25;113
12;54;25;114
12;54;25;115
12;54;25;116
12;54;25;117
12;54;25;118
12;54;25;119
12;54;25;120
12;54;25;121
12;54;25;122
12;54;25;123
12;55;25;124
12;55;25;125
12;56;25;126
12;57;26;127
12;58;26;128
12;59;26;129
12;60;27;130
12;60;27;131
12;61;28;132
12;61;28;133
12;62;28;134
12;63;28;135
13;1;1;1
13;1;1;2
13;1;1;3
13;2;1;4
13;2;1;5
13;2;1;6
13;2;1;7
13;2;1;8
13;2;1;9
13;2;1;10
13;2;1;11
13;2;1;12
13;2;1;13
13;2;1;14
13;2;1;15
13;2;1;16
13;2;1;17
13;2;2;18
13;3;2;19
13;4;3;20
13;4;3;21
13;4;3;22
13;4;3;23
13;5;3;24
13;5;3;25
13;6;3;26
13;6;4;26
13;6;4;27
13;7;4;28
13;7;4;29
13;7;4;30
13;7;4;31
13;7;4;32
13;7;4;33
13;7;4;34
13;7;4;35
13;8;4;36
13;8;4;37
13;8;4;38
13;9;4;39
13;9;4;40
13;9;4;41
13;9;4;42
13;9;4;43
13;9;4;44
13;9;4;45
13;9;4;46
13;9;4;47
13;9;4;48
13;9;4;49
13;9;4;50
13;10;5;51
13;11;5;52
13;11;5;53
13;12;6;54
13;13;6;55
13;14;7;56
13;14;7;57
13;15;7;58
13;16;8;59
13;17;9;60
13;17;9;61
13;18;9;62
13;19;9;63
13;19;10;64
13;19;10;65
13;20;11;66
13;20;11;67
13;21;11;68
13;21;11;69
13;21;11;70
13;22;11;71
13;22;11;72
13;22;11;73
13;23;12;74
13;23;12;75
13;23;12;76
13;23;12;77
13;24;12;78
13;24;12;79
13;24;12;80
13;25;12;81
13;26;12;82
13;26;12;83
13;27;13;84
13;27;13;85
13;27;13;86
13;27;13;87
13;27;13;88
13;27;13;89
13;28;14;90
13;29;15;91
13;29;15;92
13;29;15;93
13;29;15;94
13;29;15;95
13;30;15;96
13;30;15;97
13;30;15;98
13;30;15;99
13;30;16;100
13;30;16;101
13;30;16;102
13;31;16;103
13;32;17;104
13;32;17;105
13;32;17;106
13;32;17;107
13;32;17;108
13;32;18;109
13;32;18;110
13;33;19;111
13;34;19;112
13;34;19;113
13;35;20;114
13;35;21;114
13;36;21;115
13;37;21;116
13;37;21;117
13;38;22;118
13;39;22;119
13;40;22;120
13;41;22;121
13;42;22;122
13;42;22;123
13;43;22;124
13;43;22;125
13;43;22;126
13;44;23;127
13;45;23;128
13;46;24;129
13;47;24;130
13;47;24;131
13;47;24;132
13;47;24;133
13;47;24;134
13;48;25;135
13;48;25;136
13;49;25;137
13;49;25;138
13;50;25;139
13;51;25;140
13;51;25;141
13;52;25;142
14;1;1;1
14;1;1;2
14;1;1;3
14;1;1;4
14;1;1;5
14;1;1;6
14;1;1;7
14;2;1;8
14;2;1;9
14;3;1;10
14;3;1;11
14;3;1;12
14;3;1;13
14;3;1;14
14;3;1;15
14;3;1;16
14;3;1;17
14;3;1;18
14;3;1;19
14;4;2;20
14;4;2;21
14;4;2;22
14;4;2;23
14;4;2;24
14;4;2;25
14;4;2;26
14;4;2;27
14;4;2;28
14;4;2;29
14;4;2;30
14;4;2;31
14;4;2;32
14;4;2;33
14;4;2;34
14;4;2;35
14;4;3;36
14;4;3;37
14;4;3;38
14;4;3;39
14;4;3;40
14;4;3;41
14;4;3;42
14;4;3;43
14;5;4;44
14;5;4;45
14;5;4;46
14;5;4;47
14;5;4;48
14;5;4;49
14;5;4;50
14;5;4;51
14;5;4;52
14;6;4;53
14;6;4;54
14;6;4;55
14;6;4;56
14;6;4;57
14;7;5;58
14;8;6;59
14;8;6;60
14;8;6;61
14;8;6;62
14;8;6;63
14;8;6;64
14;8;6;65
14;8;6;66
14;8;6;67
14;8;6;68
14;8;6;69
14;8;6;70
14;8;6;71
14;8;6;72
14;9;7;73
14;9;7;74
14;9;7;75
14;9;7;76
14;10;8;77
14;10;8;78
14;10;8;79
14;11;9;80
14;11;9;81
14;11;9;82
14;11;9;83
14;11;9;84
14;11;9;85
14;12;10;86
14;13;11;87
14;14;12;88
14;14;13;89
14;14;13;90
14;14;13;91
14;15;13;92
14;15;13;93
14;16;14;94
14;16;14;95
14;17;14;96
14;17;15;97
14;18;16;98
14;18;16;99
14;19;16;100
14;19;16;101
14;19;16;102
14;19;16;103
14;19;16;104
14;19;16;105
14;19;16;106
14;19;16;107
14;19;16;108
14;19;16;109
14;19;16;110
14;19;16;111
14;19;16;112
14;20;17;113
14;21;17;114
14;21;17;115
14;22;18;116
14;22;18;117
14;22;18;118
14;23;19;119
14;24;19;120
14;24;19;121
14;25;20;122
14;25;20;123
14;25;20;124
14;25;20;125
14;25;20;126
14;25;20;127
14;25;20;128
14;25;20;129
14;25;20;130
14;26;20;131
14;27;21;132
14;27;21;133
14;27;21;134
14;27;21;135
14;27;21;136
14;28;22;137
14;28;22;138
14;28;22;139
14;28;22;140
14;28;22;141
14;28;22;142
14;28;22;143
14;28;22;144
14;28;22;145
14;28;22;146
14;28;22;147
14;28;22;148
14;29;22;149
14;29;22;130
15;1;1;1
15;1;1;2
15;1;1;3
15;2;1;3
15;2;1;4
15;2;1;5
15;2;1;6
15;3;2;7
15;3;2;8
15;3;3;9
15;3;3;10
15;3;3;11
15;3;3;12
15;4;3;13
15;4;3;14
15;4;3;15
15;4;3;16
15;4;3;17
15;4;3;18
15;5;4;19
15;6;5;20
15;6;5;21
15;6;6;21
15;6;6;22
15;6;6;23
15;7;7;24
15;7;7;25
15;7;7;26
15;7;7;27
15;7;7;28
15;7;7;29
15;7;7;30
15;7;7;31
15;7;7;32
15;8;8;33
15;8;8;34
15;9;9;35
15;9;10;35
15;9;10;36
15;10;11;37
15;10;11;38
15;11;11;39
15;11;12;39
15;11;12;40
15;12;13;41
15;12;13;42
15;12;13;43
15;13;13;44
15;13;13;45
15;13;13;46
15;14;14;47
15;14;14;48
15;15;14;49
15;15;14;50
15;15;14;51
15;15;14;52
15;16;15;53
15;16;15;54
15;16;15;55
15;16;15;56
15;17;15;57
15;17;15;58
15;18;16;59
15;18;17;60
15;18;17;61
15;18;17;62
15;18;17;63
15;18;17;64
15;18;17;65
15;18;17;66
15;18;17;67
15;19;18;68
15;19;18;69
15;19;18;70
15;19;18;71
15;19;18;72
15;19;18;73
15;20;18;74
15;20;18;75
15;20;18;76
15;20;18;77
15;20;18;78
15;21;18;79
15;21;19;79
15;21;19;80
15;21;19;81
15;21;19;82
15;21;19;83
15;22;20;84
15;23;21;85
15;24;22;86
15;24;22;87
15;24;22;88
15;24;22;89
15;24;22;90
15;24;22;91
15;25;23;92
15;25;23;93
15;25;23;94
15;26;24;95
15;27;24;96
15;27;24;97
15;28;24;98
15;28;24;99
15;29;24;100
15;29;24;101
15;30;25;102
15;30;25;103
15;30;25;104
15;31;26;105
15;32;27;106
15;32;27;107
15;32;27;108
15;33;28;109
15;33;28;110
15;34;28;111
15;34;28;112
15;34;28;113
15;34;28;114
15;34;28;115
15;34;28;116
15;34;28;117
15;35;29;118
15;36;29;119
15;36;29;120
15;36;29;121
15;37;29;122
15;37;29;123
15;37;29;124
15;38;29;125
15;38;29;126
15;39;30;127
15;39;30;128
15;39;30;129
15;39;30;130
15;39;30;131
15;39;30;132
15;40;30;133
15;40;30;134
15;40;30;135
15;40;30;136
15;40;30;137
15;40;30;138
16;1;1;1
16;1;1;2
16;1;1;3
16;1;1;4
16;2;1;5
16;2;2;6
16;2;3;6
16;3;4;7
16;3;4;8
16;4;4;9
16;4;4;10
16;5;4;11
16;5;4;12
16;5;4;13
16;5;4;14
16;6;5;15
16;6;5;16
16;6;5;17
16;7;6;18
16;8;6;19
16;8;6;20
16;8;6;21
16;8;6;22
16;8;6;23
16;8;6;24
16;8;6;25
16;9;6;26
16;9;7;27
16;10;7;28
16;10;7;29
16;11;8;30
16;11;8;31
16;12;8;32
16;13;8;33
16;13;8;34
16;14;9;35
16;15;10;36
16;15;10;37
16;16;10;38
16;17;10;39
16;18;10;40
16;18;10;41
16;18;10;42
16;19;10;43
16;19;10;44
16;19;10;45
16;19;10;46
16;19;10;47
16;19;10;48
16;19;10;49
16;20;10;50
16;20;10;51
16;21;11;52
16;22;11;53
16;22;11;54
16;22;11;55
16;23;12;56
16;23;12;57
16;23;12;58
16;23;12;59
16;23;12;60
16;23;12;61
16;24;13;62
16;24;13;63
16;24;13;64
16;25;14;65
16;26;15;66
16;26;15;67
16;27;16;68
16;27;16;69
16;28;16;70
16;28;16;71
16;29;17;72
16;30;18;73
16;30;18;74
16;30;18;75
16;31;18;76
16;31;18;77
16;32;19;78
16;33;20;79
16;33;21;80
16;33;21;81
16;34;22;82
16;34;22;83
16;34;22;84
16;35;22;85
16;35;23;85
16;35;23;86
16;36;23;87
16;36;24;88
16;37;24;89
16;38;24;90
16;38;24;91
16;38;24;92
16;39;25;93
16;39;25;94
16;40;25;95
16;40;25;96
16;41;25;97
16;41;25;98
16;41;25;99
16;41;25;100
16;41;25;101
16;41;25;102
16;42;25;103
16;42;25;104
16;43;26;105
16;43;26;106
16;44;26;107
16;45;26;108
16;46;26;109
16;46;26;110
16;47;26;111
16;48;26;112
16;49;26;113
16;49;26;114
16;50;27;114
16;50;27;115
16;50;27;116
16;51;27;117
16;51;27;118
16;51;28;119
16;51;29;119
16;52;29;120
16;52;30;120
16;52;30;121
16;52;30;122
16;52;30;123
16;52;29;124
16;54;30;125
16;55;31;126
16;56;31;127
16;56;31;128
16;56;31;129
16;56;31;130
16;57;31;131
16;57;32;131
16;57;32;132
16;57;32;133
16;58;32;134
16;59;32;135
16;59;32;136
16;59;32;137
16;59;32;138
16;60;33;139
16;60;33;140
16;60;33;141
16;60;33;142
16;61;33;143
16;62;34;144
16;62;34;145
16;62;34;146
16;62;34;147
16;62;34;148
16;62;34;149
16;62;34;150
16;62;34;151
16;62;34;152
16;63;35;153
16;63;35;154
16;63;35;155
16;64;36;156
16;64;36;157
16;64;36;158
16;65;36;159
16;65;36;160
16;65;36;161
16;65;36;162
16;65;36;163
16;66;36;164
16;66;36;165
16;66;36;166
16;66;36;167
16;66;36;168
16;66;36;169
16;66;36;170
16;66;36;171
16;66;36;172
16;67;36;173
16;67;37;173
16;68;37;174
16;68;37;175
16;69;37;176
16;69;37;177
16;70;37;178
16;71;37;179
16;71;37;180
16;72;38;181
16;72;38;182
16;72;38;183
16;73;38;184
16;73;38;185
16;73;38;186
16;73;39;187
16;74;39;188
16;74;39;189
16;74;39;190
16;74;39;191
16;74;39;192
16;75;39;193
16;75;39;194
16;76;39;195
16;76;39;196
16;76;39;197
16;76;39;198
16;76;39;199
16;76;40;200
16;76;40;201
16;76;40;202
16;76;40;203
16;76;40;204
16;76;40;205
16;76;40;206
16;76;40;207
16;77;40;208
16;77;40;209
16;77;40;210
16;77;40;211
16;78;40;212
16;79;40;213
16;79;40;214
16;79;40;215
16;79;40;216
16;79;40;217
16;79;40;218
16;79;40;219
16;80;41;220
16;80;41;221
16;81;42;222
16;81;42;223
16;81;42;224
16;82;42;225
16;83;43;226
16;83;43;227
16;83;43;228
16;84;43;229
16;84;43;230
16;84;43;231
16;84;43;232
16;84;43;233
16;85;44;234
16;85;44;235
16;86;44;236
16;87;44;237
16;88;44;238
16;89;44;239
16;89;44;240
16;90;44;241
16;91;44;242
16;92;44;243
16;92;44;244
16;93;44;245
16;93;44;246
16;93;44;247
16;94;44;248
16;95;44;249
16;95;44;250
16;95;44;251
17;1;1;1
17;1;1;2
17;1;1;3
17;1;1;4
17;1;1;5
17;1;1;6
17;1;1;7
17;1;1;8
17;1;1;9
17;2;2;10
17;2;2;11
17;2;2;12
17;2;2;13
17;2;2;14
17;2;2;15
17;2;2;16
17;2;2;17
17;2;2;18
17;2;2;19
17;2;2;20
17;2;2;21
17;2;3;22
17;2;3;23
17;2;4;23
17;2;4;24
17;3;4;25
17;3;4;26
17;3;4;27
17;3;4;28
17;3;4;29
17;3;4;30
17;3;4;31
17;3;4;32
17;3;5;33
17;3;5;34
17;3;5;35
17;3;5;36
17;3;5;37
17;3;5;38
17;3;5;39
17;3;5;40
17;3;5;41
17;4;6;42
17;4;7;42
17;4;7;43
17;4;7;44
17;4;8;45
17;4;8;46
17;4;8;47
17;4;8;48
17;5;9;49
17;6;9;50
17;6;9;51
17;6;9;52
17;6;9;53
17;6;9;54
17;6;9;55
17;7;9;56
17;8;9;57
17;9;10;58
17;10;10;59
17;11;10;60
17;11;10;61
17;11;10;62
17;11;10;63
17;11;10;64
17;12;10;65
17;12;10;66
17;13;10;67
17;13;10;68
17;14;10;69
17;14;10;70
17;14;10;71
17;14;10;72
17;14;10;73
17;14;10;74
17;14;10;75
17;14;11;75
17;15;11;76
17;15;11;77
17;15;11;78
17;16;11;79
17;16;11;80
17;16;11;81
17;16;11;82
17;16;11;83
17;16;11;84
17;16;11;85
17;16;11;86
17;16;11;87
17;17;12;88
17;18;12;89
17;18;12;90
17;18;12;91
17;19;12;92
17;19;12;93
17;19;12;94
17;20;13;95
17;21;13;96
17;21;13;97
17;21;13;98
17;22;14;99
17;23;14;100
17;24;14;101
17;24;14;102
17;24;14;103
17;24;14;104
17;24;14;105
17;24;14;106
17;24;14;107
17;24;14;108
17;24;14;109
17;24;14;110
17;24;14;111
17;24;14;112
17;24;14;113
17;24;14;114
17;24;15;114
17;25;15;115
17;25;15;116
17;25;15;117
17;26;16;118
17;26;16;119
17;26;16;120
17;26;16;121
17;26;17;122
17;27;17;123
17;28;17;124
17;29;18;125
17;29;18;126
17;30;18;127
17;30;18;128
17;30;18;129
17;30;18;130
17;30;18;131
17;30;18;132
17;30;18;133
17;30;18;134
17;30;18;135
17;30;18;136
17;30;19;137
17;30;19;138
17;31;19;139
17;31;19;140
17;32;20;141
17;32;20;142
17;32;20;143
17;33;20;144
17;33;20;145
17;33;20;146
17;34;20;147
17;34;20;148
17;34;20;149
17;34;20;150
17;34;20;151
17;35;21;152
17;35;21;153
17;35;21;154
17;35;21;155
17;35;21;156
17;35;21;157
17;35;21;158
17;35;21;159
17;35;21;160
17;35;21;161
17;35;21;162
17;35;21;163
17;35;21;164
17;35;21;165
17;35;21;166
17;35;21;167
17;35;22;167
17;35;22;168
17;35;22;169
17;35;22;170
17;35;22;171
17;35;22;172
17;35;22;173
17;35;22;174
17;35;22;175
17;35;22;176
17;35;22;177
17;35;22;178
17;35;22;179
17;35;22;180
17;35;22;181
17;35;22;182
17;35;22;183
17;35;22;184
17;35;22;185
17;35;22;186
17;35;22;187
17;35;22;188
17;35;22;189
17;35;22;190
17;35;22;191
17;35;22;192
17;35;22;193
17;35;22;194
17;35;22;195
17;35;22;196
17;35;22;197
17;35;22;198
17;35;23;199
17;35;23;200
17;35;23;201
17;35;23;202
17;35;23;203
17;35;23;204
17;35;23;205
17;35;23;206
17;35;23;207
17;35;23;208
17;35;23;209
17;35;23;210
17;35;23;211
17;35;23;212
17;35;23;213
17;35;23;214
17;36;23;215
17;36;24;215
17;37;24;216
17;37;24;217
17;37;24;218
17;37;24;219
17;37;24;220
17;37;24;221
17;37;24;222
17;37;24;223
17;37;24;224
17;37;24;225
17;37;24;226
17;37;24;227
17;37;24;228
17;37;24;229
17;37;24;230
17;37;24;231
17;37;24;232
17;37;24;233
17;37;24;234
17;37;24;235
17;37;24;236
17;37;24;237
17;37;24;238
17;37;24;239
17;37;24;240
17;38;25;241
17;38;25;242
17;38;25;243
17;38;25;244
17;38;25;245
17;39;26;246
17;39;26;247
17;39;26;248
17;40;26;249
17;41;26;250
17;42;27;251
17;43;27;252
17;43;27;253
17;43;27;254
17;44;27;255
17;44;27;256
17;45;27;257
17;46;27;258
17;47;27;259
17;47;27;260
17;47;28;261
17;47;28;262
17;47;28;263
17;47;28;264
17;47;28;265
17;47;28;266
17;47;28;267
18;1;1;1
18;1;1;2
18;1;1;3
18;1;1;4
18;1;1;5
18;2;2;6
18;2;2;7
18;2;2;8
18;3;3;9
18;3;3;10
18;3;3;11
18;3;3;12
18;3;3;13
18;3;3;14
18;4;3;15
18;4;3;16
18;4;3;17
18;4;3;18
18;4;3;19
18;4;3;20
18;4;3;21
18;5;3;22
18;5;3;23
18;5;4;24
18;6;4;25
18;6;5;26
18;6;5;27
18;6;5;28
18;6;5;29
18;6;5;30
18;6;5;31
18;7;6;32
18;7;6;33
18;7;6;34
18;7;6;35
18;7;6;36
18;7;6;37
18;7;6;38
18;8;6;39
18;8;6;40
18;8;6;41
18;8;6;42
18;8;6;43
18;8;6;44
18;8;6;45
18;8;6;46
18;8;6;47
18;9;7;48
18;10;7;49
18;10;7;50
18;10;7;51
18;10;7;52
18;10;7;53
18;10;7;54
18;10;7;55
18;10;7;56
18;10;7;57
18;10;7;58
18;10;7;59
18;10;7;60
18;10;7;61
18;11;7;62
18;12;7;63
18;12;7;64
18;12;7;65
18;12;7;66
18;12;7;67
18;12;7;68
18;12;7;69
18;12;7;70
18;13;7;71
18;14;7;72
18;14;7;73
18;14;7;74
18;15;7;74
18;15;7;75
18;16;7;76
18;17;7;76
18;17;7;77
18;18;7;78
18;18;7;79
18;18;7;80
18;19;8;81
18;19;8;82
18;19;8;83
18;19;8;84
18;20;8;85
18;20;9;86
18;20;9;87
18;20;9;88
18;20;10;89
18;20;10;90
18;20;10;91
18;20;10;92
18;20;10;93
18;21;10;94
18;21;10;95
18;22;10;96
18;23;10;97
18;23;10;98
18;23;10;99
18;24;10;100
18;25;10;101
18;26;11;102
18;26;11;103
18;26;11;104
18;27;11;105
18;27;11;106
18;28;11;107
18;28;11;108
18;29;11;109
18;29;11;110
18;29;11;111
18;29;11;112
18;29;11;113
18;29;11;114
18;29;11;115
18;29;11;116
18;30;12;117
18;30;12;118
18;30;12;119
18;30;12;120
18;30;12;121
18;30;12;122
18;31;12;123
18;32;12;124
18;33;12;125
18;33;13;125
18;34;13;125
18;34;13;126
18;34;13;127
18;34;13;128
18;34;13;129
18;34;13;130
18;35;13;131
18;35;13;132
18;36;14;133
18;36;14;134
18;36;14;135
18;36;14;136
18;37;15;137
18;37;15;138
18;38;15;139
18;39;16;140
18;40;16;141
18;41;16;142
18;42;16;143
18;43;16;144
18;43;16;145
18;43;16;146
18;43;16;147
18;43;16;148
18;44;17;149
18;44;17;150
18;44;17;151
18;44;17;152
18;44;17;153
18;44;17;154
18;44;17;155
18;44;17;156
18;45;17;157
18;45;17;158
18;45;17;159
18;45;17;160
18;45;17;161
18;45;17;162
18;46;17;163
18;46;17;164
18;46;17;165
18;46;17;166
18;46;18;166
18;47;18;167
18;47;18;168
18;47;18;169
18;47;18;170
18;48;18;171
18;48;18;172
18;48;18;173
18;49;19;174
18;49;19;175
18;49;19;176
18;49;19;177
18;49;19;178
18;49;19;179
18;49;20;180
18;49;20;181
18;49;20;182
18;49;20;183
18;50;21;184
18;50;21;185
18;50;21;186
18;50;21;187
18;51;22;188
18;51;22;189
18;51;22;190
18;52;23;191
18;53;23;192
18;53;23;193
18;53;23;194
18;54;24;195
18;54;24;196
18;54;24;197
18;55;24;198
18;55;24;199
18;55;24;200
18;56;24;201
18;56;24;202
18;56;24;203
18;56;24;204
18;56;24;205
18;56;24;206
18;57;25;207
18;57;25;208
18;57;25;209
18;57;25;210
18;57;25;211
18;57;25;212
18;57;25;213
18;57;25;214
18;57;25;215
18;57;25;216
18;57;25;217
18;58;25;218
18;58;25;219
18;59;25;220
18;59;25;221
18;59;25;222
18;59;25;223
18;60;25;224
18;60;25;225
18;60;25;226
18;60;25;227
18;61;25;228
18;61;25;229
18;62;26;230
18;62;26;231
18;63;26;232
18;63;26;233
18;64;26;234
18;64;26;235
18;64;26;236
18;65;26;237
18;65;26;238
18;65;26;239
18;65;26;240
18;65;26;241
18;65;26;242
18;65;26;243
18;65;26;244
18;65;26;245
18;66;26;246
18;66;26;247
18;66;26;248
18;66;26;249
18;66;26;250
18;67;27;251
18;67;27;252
18;67;27;253
18;67;27;254
18;67;27;255
18;67;27;256
18;67;27;257
18;67;28;258
18;67;28;259
18;67;28;260
18;67;28;261
18;67;28;262
18;67;28;263
18;68;28;264
18;68;28;265
18;68;28;266
18;68;28;267
18;68;28;268
18;68;28;269
18;68;28;270
18;68;28;271
18;68;28;272
18;68;28;273
18;68;28;274
18;68;28;275
18;68;28;276
18;68;28;277
18;69;28;278
18;69;28;279
18;69;29;280
18;69;29;281
18;69;29;282
18;69;29;283
18;69;29;284
18;69;29;285
18;69;29;286
18;69;29;287
18;69;29;288
18;69;29;289
18;69;29;290
18;69;29;291
18;69;29;292
18;70;29;293
18;70;29;294
18;71;29;295
18;72;30;296
18;72;30;297
18;72;30;298
18;72;30;299
18;72;30;300
18;73;30;301
18;73;30;302
18;73;30;303
18;73;30;304
18;73;30;305
18;73;30;306
18;73;30;307
18;73;30;308
18;74;31;309
18;74;31;310
18;74;31;311
18;74;31;312
18;74;31;313
18;74;31;314
18;74;31;315
18;74;31;316
18;74;31;317
18;74;31;318
18;74;31;319
18;74;31;320
18;75;32;321
18;75;32;322
18;75;32;323
18;75;32;324
18;75;32;325
18;76;33;326
18;76;33;327
18;76;33;328
18;76;33;329
18;76;33;330
18;77;34;331
18;77;34;332
18;77;34;333
18;77;34;334
18;77;34;335
18;77;34;336
18;77;34;337
18;77;34;338
18;77;34;339
18;78;35;340
18;78;35;341
18;78;35;342
18;78;35;343
18;78;35;344
18;78;35;345
18;78;35;346
18;79;35;347
18;79;35;348
18;79;35;349
18;79;35;350
18;80;35;351
18;80;35;352
18;80;35;353
18;81;35;354
18;82;35;355
18;82;35;356
18;83;35;357
18;84;35;357
18;84;35;358
18;85;35;359
18;86;35;360
18;87;35;361
18;87;35;362
18;87;35;363
18;88;35;364
18;89;35;365
18;90;35;365
19;1;1;1
19;1;1;2
19;1;1;3
19;1;1;4
19;1;1;5
19;1;1;6
19;2;1;7
19;2;1;8
19;2;1;9
19;2;1;10
19;2;1;11
19;2;1;12
19;2;1;13
19;2;1;14
19;2;1;15
19;3;1;16
19;3;1;17
19;3;1;18
19;4;1;19
19;4;1;20
19;4;1;21
19;5;1;22
19;6;1;23
19;6;1;24
19;6;1;25
19;7;2;26
19;7;2;27
19;8;2;28
19;8;2;29
19;8;2;30
19;9;2;31
19;10;2;32
19;11;2;33
19;11;2;34
19;11;2;35
19;12;3;36
19;13;3;37
19;14;3;38
19;15;3;38
19;15;3;39
19;15;3;40
19;15;3;41
19;15;3;42
19;15;3;43
19;15;3;44
19;15;3;45
19;16;3;46
19;17;3;47
19;18;3;48
19;19;4;49
19;19;4;50
19;19;4;51
19;19;4;52
19;19;4;53
19;19;4;54
19;19;4;55
19;19;4;56
19;19;4;57
19;19;4;58
19;19;4;59
19;20;4;60
19;21;4;60
19;22;4;61
19;22;4;62
19;22;4;63
19;23;5;64
19;23;5;65
19;23;5;66
19;23;5;67
19;23;5;68
19;24;5;69
19;24;5;70
19;24;5;71
19;24;5;72
19;24;5;73
19;24;5;74
19;25;5;75
19;25;5;76
19;25;5;77
19;26;5;78
19;26;5;79
19;26;5;80
19;26;5;81
19;26;5;82
19;26;5;83
19;26;5;84
19;26;5;85
19;26;5;86
19;26;5;87
19;27;5;88
19;27;5;89
19;28;5;90
19;29;5;91
19;29;5;92
19;30;5;93
19;30;5;94
19;30;5;95
19;30;5;96
19;30;5;97
19;31;6;98
19;31;6;99
19;31;6;100
19;32;6;101
19;32;6;102
19;32;6;103
19;32;6;104
19;32;6;105
19;32;6;106
19;32;6;107
19;33;6;108
19;33;6;109
19;33;6;110
19;34;6;111
19;34;6;112
19;34;6;113
19;34;6;114
19;34;6;115
19;34;6;116
19;35;7;117
19;35;7;118
19;36;7;119
19;36;7;120
19;36;7;121
19;36;7;122
19;37;7;123
19;37;8;124
19;38;8;125
19;38;8;126
19;38;8;127
19;38;8;128
19;39;8;129
19;39;8;130
19;39;8;131
19;40;8;132
19;40;8;133
19;40;8;134
19;40;8;135
19;41;8;136
19;41;8;137
19;41;8;138
19;41;8;139
19;41;8;140
19;41;8;141
19;41;8;142
19;41;8;143
19;41;8;144
19;42;8;145
19;42;8;146
19;42;8;147
19;42;8;148
19;42;8;149
19;42;8;150
19;42;8;151
19;43;8;152
19;43;8;153
19;44;8;154
19;44;8;155
19;45;8;156
19;45;8;157
19;46;8;158
19;47;8;159
19;47;8;160
19;47;8;161
19;48;8;162
19;48;8;163
19;49;8;164
19;50;8;165
19;51;8;166
19;52;8;167
19;53;8;168
19;53;8;169
19;54;8;170
19;54;8;171
19;55;8;172
19;56;9;173
19;56;9;174
19;56;9;175
19;57;10;176
19;57;10;177
19;58;10;178
19;58;10;179
19;58;10;180
19;58;11;181
19;59;11;182
19;60;12;183
19;60;12;184
19;60;12;185
19;61;12;186
19;62;12;187
19;62;12;188
19;62;12;189
20;1;1;1
20;1;1;2
20;2;1;3
20;2;1;4
20;3;1;5
20;3;1;6
20;3;1;7
20;3;1;8
20;4;2;9
20;5;2;10
20;6;2;11
20;6;2;12
20;7;3;13
20;8;3;14
20;8;3;15
20;8;3;16
20;8;3;17
20;9;3;18
20;9;3;19
20;10;3;20
20;11;4;21
20;12;4;22
20;13;4;23
20;13;4;24
20;13;4;25
20;13;4;26
20;13;4;27
20;13;4;28
20;14;4;29
20;15;5;30
20;15;5;31
20;15;5;32
20;16;5;33
20;17;5;34
20;17;5;35
20;18;5;36
20;18;5;37
20;19;5;38
20;20;5;39
20;20;5;40
20;20;5;41
20;20;5;42
20;20;5;43
20;21;6;44
20;21;6;45
20;21;6;46
20;21;6;47
20;22;6;48
20;22;6;49
20;23;6;50
20;23;6;51
20;23;6;52
20;23;6;53
20;23;6;54
20;23;6;55
20;23;6;56
20;23;6;57
20;24;7;58
20;25;7;59
20;26;7;60
20;26;7;61
20;26;7;62
20;26;7;63
20;26;7;64
20;26;7;65
20;26;7;66
20;26;7;67
20;26;7;68
20;27;8;69
20;27;8;70
20;27;8;71
20;28;8;72
20;29;8;73
20;30;8;74
20;31;8;75
20;32;8;76
20;32;8;77
20;33;9;78
20;33;9;80
20;33;9;81
20;33;9;82
20;33;9;83
20;34;9;84
20;34;9;85
20;34;9;86
20;34;9;87
20;34;9;88
20;34;9;89
20;35;9;90
20;35;9;91
20;36;9;92
20;36;9;93
20;36;9;94
20;36;9;95
20;37;9;96
20;38;9;96
20;39;9;97
20;39;9;98
20;39;9;99
20;39;9;100
20;39;9;101
20;40;9;102
20;40;9;103
20;40;9;104
20;40;9;105
20;40;9;106
20;41;9;107
20;42;10;108
20;42;10;109
20;43;10;110
20;43;10;111
20;44;11;112
20;44;11;113
20;44;11;114
20;44;11;115
20;45;11;116
20;46;11;117
20;47;12;118
20;48;12;119
20;48;12;120
20;48;12;121
20;48;12;122
20;48;12;123
20;48;13;124
20;49;13;125
20;49;13;126
20;50;13;127
20;50;13;128
20;50;13;129
20;50;13;130
20;51;13;131
20;51;13;132
20;51;13;133
20;51;13;134
20;51;13;135
20;51;13;136
20;51;13;137
20;51;13;138
20;51;13;139
20;51;13;140
20;51;13;141
20;51;13;142
20;51;13;143
20;52;14;144
20;52;14;145
20;52;14;146
20;53;14;147
20;53;14;148
20;53;14;149
20;53;14;150
20;53;14;151
20;54;14;152
20;54;14;153
20;54;14;154
20;54;14;155
20;55;14;156
20;55;14;157
20;56;14;158
20;57;14;159
20;57;14;160
20;57;14;161
20;57;15;161
20;57;15;162
20;58;15;163
20;58;15;164
20;59;15;165
20;59;15;166
20;59;15;167
20;60;15;168
20;61;16;169
20;62;16;170
20;63;16;171
20;64;16;172
20;65;16;173
20;66;17;174
20;67;17;175
20;68;17;176
20;69;17;177
20;69;17;178
20;69;17;179
20;69;17;180
20;70;17;181
20;71;17;182
20;71;17;183
20;71;17;184
20;72;17;185
20;72;17;186
20;73;17;187
20;73;17;188
20;73;17;189
20;73;17;190
20;73;17;191
20;73;17;192
20;73;17;193
20;73;17;194
20;73;17;195
20;74;18;196
20;75;18;197
20;76;18;198
20;76;18;199
20;76;18;200
20;76;18;201
20;76;18;202
20;76;18;203
20;77;19;204
20;78;19;205
20;78;19;206
20;79;19;207
20;79;19;208
20;80;19;209
20;81;20;210
20;81;20;211
20;81;20;212
20;81;20;213
20;81;20;214
20;81;20;215
20;82;20;216
20;82;20;217
20;82;20;218
20;83;20;219
20;83;20;220
20;83;20;221
20;84;21;222
20;84;21;223
20;84;21;224
20;84;21;225
20;84;21;226
20;84;21;227
20;84;21;228
20;84;21;229
20;84;21;230
20;85;21;231
20;85;21;232
20;85;21;233
20;86;21;234
20;86;21;235
20;87;22;236
20;87;22;237
20;87;22;238
20;87;22;239
20;87;22;240
20;88;22;241
20;89;22;241
20;89;22;242
20;89;22;243
20;89;22;244
20;90;22;245
20;90;22;246
20;91;22;247
20;91;22;248
20;92;22;249
20;92;22;250
20;92;22;251
20;93;22;252
20;94;23;253
20;95;23;254
20;96;23;255
20;96;23;256
20;96;23;257
20;96;23;258
20;97;23;259
20;98;23;260
20;98;23;261
20;99;23;262
20;99;23;263
20;100;24;264
21;1;1;1
21;1;1;2
21;2;2;3
21;3;2;4
21;3;2;5
21;4;3;6
21;5;3;7
21;6;3;8
21;6;3;9
21;7;3;10
21;8;3;11
21;9;3;12
21;9;3;13
21;10;4;14
21;10;4;15
21;10;4;16
21;10;4;17
21;10;4;18
21;10;4;19
21;10;4;20
21;10;4;21
21;11;5;22
21;11;5;23
21;11;5;24
21;12;5;25
21;13;5;26
21;14;6;27
21;15;6;28
21;16;6;29
21;16;6;30
21;17;6;31
21;17;6;32
21;17;6;33
21;17;6;34
21;17;7;34
21;18;7;35
21;18;7;36
21;18;7;37
21;18;7;38
21;18;7;39
21;19;7;40
21;19;7;41
21;19;7;42
21;20;7;43
21;20;7;44
21;21;7;44
21;22;8;45
21;22;8;46
21;22;8;46
21;23;8;47
21;24;8;47
21;24;8;48
21;25;8;49
21;26;8;50
21;27;9;51
21;28;9;52
21;29;9;53
21;30;9;54
21;30;9;55
21;30;10;55
21;31;10;56
21;31;10;57
21;32;10;58
21;33;10;59
21;34;10;60
21;35;11;61
21;36;11;62
21;37;11;63
21;38;11;64
21;38;11;65
21;38;11;66
21;38;11;67
21;39;11;67
21;39;11;68
21;40;11;69
21;41;12;70
21;41;12;71
21;42;12;72
21;43;12;73
21;43;13;74
21;44;13;74
21;44;13;75
21;44;13;76
21;45;13;77
21;45;13;78
21;46;14;79
21;47;14;80
21;47;14;81
21;48;14;82
21;49;14;83
21;49;14;84
21;49;14;85
21;50;15;86
21;51;15;87
21;52;15;88
21;52;15;89
21;53;15;90
21;54;15;91
21;55;15;92
21;55;15;93
21;56;16;94
21;56;16;95
21;56;16;96
21;57;16;97
21;58;16;98
21;59;16;99
21;60;16;100
21;60;17;100
21;61;17;101
21;62;17;102
21;63;17;103
21;64;17;104
21;65;17;105
21;66;17;106
21;67;17;107
21;68;17;108
21;68;17;109
21;68;17;110
21;68;17;111
21;69;18;112
21;69;18;113
21;69;18;114
21;69;18;115
21;69;18;115
21;69;18;116
21;70;18;117
21;70;18;118
21;71;18;119
21;72;18;120
21;73;18;121
21;73;18;122
21;73;19;123
21;73;19;124
21;73;19;125
21;74;19;126
21;74;19;127
21;75;19;128
21;75;19;129
21;76;19;130
21;76;19;131
21;77;19;132
21;77;19;133
21;78;19;134
21;79;20;135
21;80;20;136
21;81;20;137
21;81;20;138
21;82;20;139
21;83;20;140
21;83;20;141
21;83;20;142
21;83;20;143
21;83;20;144
21;84;20;145
21;84;20;146
21;84;20;147
21;85;20;148
21;86;20;149
21;86;20;150
21;87;20;151
21;88;21;152
21;88;21;153
21;89;21;154
21;89;21;155
21;89;21;156
21;89;21;157
21;90;21;158
21;91;21;159
21;92;21;160
21;92;21;161
21;92;21;162
21;93;22;163
21;94;23;164
21;94;23;165
21;94;23;166
21;95;24;167
21;96;25;168
21;96;25;169
21;97;26;170
21;98;26;171
21;99;27;172
21;100;27;173
21;101;27;174
21;102;28;174
21;103;29;175
21;104;30;176
21;105;31;177
21;105;31;178
21;105;31;179
21;105;31;180
21;105;31;181
21;105;31;182
21;106;32;183
21;107;32;184
21;108;33;184
21;109;34;185
22;1;1;1
22;2;1;2
22;3;2;3
22;3;2;4
22;3;2;5
22;4;3;6
22;4;3;7
22;4;4;7
22;4;4;8
22;5;5;9
22;5;5;10
22;6;6;11
22;6;6;12
22;6;6;13
22;7;6;14
22;7;6;15
22;7;6;16
22;7;6;17
22;8;7;18
22;8;7;19
22;9;8;20
22;9;8;21
22;9;8;22
22;10;9;23
22;11;9;24
22;11;9;25
22;11;9;26
22;12;10;27
22;13;11;28
22;14;12;29
22;14;12;30
22;15;13;31
22;15;13;32
22;15;13;33
22;15;13;34
22;15;13;35
22;15;13;36
22;16;14;37
22;16;14;38
22;17;15;39
22;18;16;40
22;19;17;41
22;19;17;42
22;20;17;43
22;20;17;44
22;21;18;45
22;21;18;46
22;21;18;47
22;22;19;48
22;23;20;48
22;23;20;49
22;24;20;50
22;25;21;51
22;25;21;52
22;26;21;53
22;26;21;54
22;27;21;55
22;28;21;56
22;29;21;57
22;29;21;58
22;29;21;59
22;29;21;60
22;29;21;61
22;30;21;62
22;30;21;63
22;30;21;64
22;30;21;65
22;31;22;66
22;32;22;67
22;32;22;68
22;32;22;69
22;32;22;70
22;32;22;71
22;32;22;72
22;33;22;73
22;33;22;74
22;33;22;75
22;34;22;76
22;35;22;77
22;36;22;78
22;37;22;79
22;38;22;80
22;38;22;81
22;39;22;82
22;40;22;83
22;41;22;84
22;42;22;85
22;43;22;86
22;43;22;87
22;44;22;88
22;44;22;89
22;44;22;90
22;45;22;91
22;46;22;92
22;46;22;93
22;46;22;94
22;46;22;95
22;47;23;96
22;47;23;97
22;47;23;98
22;47;23;99
22;48;23;100
22;49;23;101
22;49;23;102
22;49;23;103
22;49;23;104
22;49;23;105
22;49;23;106
22;50;24;107
22;50;24;108
22;50;24;109
22;51;24;110
22;51;24;111
22;52;24;112
22;53;24;113
22;53;24;114
22;54;24;115
22;55;24;116
22;56;24;117
22;56;24;118
22;57;24;119
22;57;25;119
22;57;25;120
22;57;25;121
22;58;25;122
22;58;25;123
22;58;25;124
22;58;25;125
22;59;25;126
22;60;25;127
22;61;25;128
22;61;25;129
22;62;25;130
22;63;25;131
22;64;25;132
22;64;25;133
22;65;25;134
22;65;25;135
22;66;25;136
22;67;25;137
22;68;25;138
22;68;25;139
22;69;25;140
22;69;25;141
22;70;25;142
22;70;25;143
22;70;25;144
22;70;25;145
22;71;25;146
22;71;25;147
22;72;25;148
22;72;25;149
22;72;25;150
22;73;25;151
22;73;25;152
22;73;25;153
22;74;25;154
22;74;25;155
22;74;25;156
22;74;25;157
22;75;25;158
22;76;25;159
22;77;25;160
22;78;25;161
22;79;25;161
22;80;25;162
22;81;25;163
22;82;25;164
23;1;1;1
23;2;1;2
23;3;1;3
23;3;1;4
23;3;1;5
23;3;1;6
23;4;1;7
23;5;1;8
23;5;1;9
23;6;1;10
23;7;1;11
23;7;1;12
23;8;1;13
23;9;1;13
23;10;1;14
23;11;1;14
23;12;1;15
23;12;1;16
23;13;1;17
23;13;1;18
23;14;1;19
23;14;1;20
23;15;1;20
23;16;1;21
23;16;1;22
23;16;1;23
23;16;1;24
23;16;1;25
23;16;1;26
23;17;1;27
23;17;1;28
23;18;1;29
23;18;1;30
23;19;1;31
23;19;1;32
23;20;1;33
23;20;1;34
23;20;1;35
23;21;1;36
23;22;1;37
23;22;1;38
23;22;1;39
23;22;1;40
23;23;1;41
23;23;1;42
23;23;1;43
23;23;1;44
23;24;1;45
23;24;1;46
23;24;1;47
23;24;1;48
23;24;1;49
23;25;1;50
23;25;1;51
23;26;1;52
23;26;1;53
23;27;1;54
23;27;1;55
23;27;1;56
23;27;1;57
23;27;1;58
23;28;2;59
23;29;2;60
23;29;2;61
23;30;2;62
23;31;2;63
23;31;2;64
23;31;2;65
23;32;2;66
23;32;2;67
23;33;2;68
23;34;3;69
23;34;3;70
23;35;3;71
23;35;3;72
23;36;3;73
23;37;3;74
23;37;3;75
23;38;4;76
23;38;4;77
23;38;4;78
23;39;4;79
23;40;4;80
23;40;4;81
23;40;4;82
23;41;4;83
23;41;4;84
23;42;4;85
23;43;4;86
23;44;4;87
23;45;4;88
23;45;4;89
23;46;4;90
23;46;4;91
23;47;4;92
23;48;4;93
23;49;4;94
23;49;4;95
23;50;4;96
23;51;4;97
23;52;5;98
23;53;5;99
23;54;6;100
23;54;6;101
23;54;6;102
23;54;6;103
23;55;6;104
23;56;6;105
23;57;6;106
23;57;6;107
23;58;6;108
23;58;6;109
23;59;6;110
23;59;6;111
23;60;6;112
23;60;6;113
23;61;6;114
23;62;7;115
23;62;7;116
23;63;7;117
23;63;7;118
23;63;7;119
23;63;7;120
23;63;7;121
23;63;7;122
23;63;7;123
23;63;7;12
23;63;7;125
23;64;7;126
23;64;7;127
23;64;7;128
23;64;7;129
23;64;7;130
23;65;7;131
23;66;7;132
23;67;7;132
23;68;7;133
23;69;7;133
23;70;7;134
23;70;7;135
23;71;7;136
23;71;7;137
23;71;7;138
23;71;7;139
23;71;7;140
23;72;7;141
23;73;7;141
23;74;8;142
23;74;8;143
23;75;8;144
23;75;8;145
23;76;8;146
23;77;8;147
23;77;8;148
23;77;8;149
23;78;8;150
23;79;8;151
23;80;8;152
23;80;8;153
23;80;8;154
23;80;8;155
23;80;8;156
23;80;8;157
23;80;8;158
23;81;9;159
23;81;9;160
23;81;9;161
23;81;9;162
23;81;9;163
23;82;9;164
23;83;9;165
23;83;9;166
24;1;1;1
24;1;1;2
24;1;1;3
24;1;1;4
24;1;1;5
24;2;2;6
24;3;3;7
24;4;4;8
24;5;4;9
24;5;4;10
24;6;4;11
24;6;4;12
24;7;4;13
24;8;4;13
24;9;5;14
24;10;5;15
24;10;5;16
24;11;5;17
24;11;5;18
24;11;5;19
24;12;5;20
24;13;5;21
24;13;5;22
24;14;6;23
24;15;6;24
24;16;6;25
24;16;6;26
24;17;6;27
24;18;6;27
24;19;6;28
24;20;6;29
24;20;6;30
24;21;6;31
24;22;6;32
24;22;6;33
24;22;6;34
24;22;6;35
24;22;6;36
24;23;7;37
24;23;7;38
24;23;7;39
24;24;7;40
24;25;7;41
24;26;7;41
24;27;7;41
24;28;7;42
24;28;7;43
24;29;8;44
24;29;8;45
24;30;8;46
24;31;8;46
24;32;8;47
24;33;8;48
24;33;8;49
24;34;8;50
24;35;8;51
24;35;8;52
24;35;8;53
24;36;8;54
24;36;8;55
24;37;9;56
24;37;9;57
24;37;9;58
24;38;9;59
24;38;9;60
24;38;9;61
24;38;9;62
24;38;9;63
24;39;9;64
24;40;9;65
24;40;9;66
24;41;9;67
24;41;9;68
24;42;9;69
24;42;9;7
24;42;9;71
24;42;9;72
24;43;10;73
24;44;10;73
24;45;10;74
24;46;10;74
24;47;10;75
24;47;10;76
24;47;10;77
24;47;10;78
24;47;10;79
24;47;10;80
24;48;10;81
24;49;10;82
24;49;10;83
24;49;10;84
24;50;11;85
24;50;11;86
24;50;11;87
24;51;11;88
24;52;11;89
24;53;11;90
24;54;11;91
24;54;11;92
24;55;11;93
24;56;11;94
24;57;11;95
24;58;11;96
24;58;11;97
24;58;11;98
24;59;11;99
24;59;11;100
24;60;11;101
24;61;11;102
24;62;11;103
24;63;11;104
24;64;11;105
24;64;11;106
24;65;12;107
24;66;12;108
24;67;12;109
24;67;12;110
24;68;13;111
24;69;13;112
24;69;13;113
24;70;13;114
24;71;13;115
24;72;13;116
24;73;13;117
24;73;13;118
24;73;13;119
24;73;13;120
24;74;13;121
24;74;14;121
24;74;14;122
24;75;14;123
24;76;14;124
24;77;14;125
24;77;14;126
24;77;14;127
24;78;14;128
24;79;14;129
24;80;14;129
24;80;15;130
24;80;15;131
24;81;15;132
24;82;15;133
24;83;15;134
24;84;15;135
24;85;15;135
24;86;15;136
24;87;15;137
24;88;15;138
24;89;15;139
24;89;15;140
24;90;15;141
24;91;16;142
24;92;16;143
24;92;16;144
24;92;16;145
24;92;16;146
24;92;16;147
24;92;16;148
24;93;16;149
24;93;16;150
24;94;16;151
24;95;16;152
24;96;16;153
24;97;16;154
24;98;16;155
24;99;17;156
24;100;17;157
24;101;17;158
24;101;17;159
24;102;17;160
24;102;17;161
24;102;17;162
24;102;17;163
24;102;17;164
24;102;17;165
24;102;17;166
24;102;17;167
24;103;18;168
24;104;18;168
24;105;18;169
24;106;19;170
24;107;19;170
24;108;19;170
24;109;19;171
24;110;19;171
24;111;19;171
24;112;19;172
24;113;19;173
24;113;19;174
24;114;19;175
24;115;19;175
24;116;19;176
24;117;19;177
24;118;19;178
24;118;19;179
24;118;19;180
24;118;19;181
24;119;19;182
24;119;19;183
24;120;19;184
24;120;19;185
24;120;19;186
24;120;19;187
24;120;19;188
25;1;1;1
25;1;1;2
25;1;1;3
25;2;2;4
25;3;2;5
25;3;2;6
25;3;2;7
25;4;2;8
25;5;2;9
25;5;2;10
25;5;2;11
25;5;2;12
25;5;2;13
25;5;2;14
25;5;2;15
25;6;2;16
25;6;2;17
25;6;2;18
25;6;2;19
25;6;3;20
25;6;3;21
25;7;3;22
25;7;3;23
25;7;3;24
25;7;3;25
25;8;4;26
25;8;4;27
25;9;4;28
25;10;4;29
25;11;4;30
25;11;4;31
25;12;4;32
25;13;4;32
25;14;4;33
25;15;4;34
25;16;4;34
25;17;4;35
25;17;4;36
25;17;4;37
25;18;5;38
25;18;5;39
25;18;5;40
25;18;5;41
25;19;5;42
25;19;5;43
25;19;5;44
25;20;5;45
25;20;5;46
25;21;5;47
25;21;5;48
25;21;5;49
25;21;5;50
25;21;5;51
25;21;5;52
25;21;5;53
25;22;5;54
25;22;5;55
25;23;5;56
25;23;5;57
25;23;5;58
25;24;5;59
25;24;5;60
25;25;5;61
25;26;6;62
25;27;6;63
25;28;6;64
25;29;6;65
25;30;6;66
25;30;6;67
25;31;6;68
25;32;6;69
25;33;7;70
25;34;7;71
25;35;7;72
25;36;7;73
25;36;7;74
25;37;7;75
25;37;7;76
25;38;7;77
25;38;7;78
25;38;7;79
25;39;8;80
25;40;8;81
25;41;8;81
25;42;8;82
25;43;8;82
25;44;8;83
25;45;8;83
25;46;8;84
25;47;8;85
25;48;8;86
25;49;8;87
25;49;8;88
25;50;8;89
25;50;8;90
25;51;8;91
25;52;8;92
25;53;8;92
25;53;8;93
25;53;8;94
25;54;8;95
25;54;8;96
25;54;8;97
25;54;8;98
25;55;8;99
25;55;8;100
25;55;8;101
25;56;9;102
25;57;9;103
25;58;9;104
25;59;9;105
25;59;9;106
25;59;9;107
25;60;9;108
25;61;9;108
25;62;9;109
25;63;9;109
25;64;9;110
25;64;9;111
25;64;9;112
25;65;9;113
25;66;9;113
25;67;9;114
25;67;9;115
25;68;9;116
25;69;9;116
25;70;9;117
25;70;9;118
25;71;10;119
25;72;10;119
25;73;10;120
25;74;10;121
25;75;10;122
25;76;10;123
25;77;10;124
25;77;10;125
25;78;10;126
25;79;10;127
25;79;10;128
25;80;10;129
25;81;10;130
25;82;10;131
25;83;11;132
25;84;11;133
25;84;11;134
25;85;11;135
25;86;11;135
25;87;11;136
25;88;11;137
25;89;11;138
25;89;11;139
25;90;11;140
25;90;11;141
25;91;12;142
25;91;12;143
25;92;13;144
25;92;13;145
25;93;13;146
25;94;13;147
25;94;13;148
25;94;13;149
25;94;13;150
25;95;13;151
25;95;13;152
25;95;13;153
25;95;13;154
25;96;13;155
25;97;13;155
25;98;13;155
25;99;13;156
25;100;13;157
25;100;13;158
25;101;13;159
25;102;13;160
25;102;13;161
25;103;13;162
25;103;13;163
25;103;13;164
25;104;13;165
25;105;13;165
25;105;13;166
25;106;13;167
25;106;13;168
25;106;13;169
25;107;13;170
25;108;13;171
25;109;13;172
25;109;13;173
25;109;13;174
25;110;13;175
26;1;1;1
26;2;1;2
26;3;1;3
26;3;1;4
26;4;1;5
26;4;1;6
26;5;1;7
26;5;1;8
26;6;1;9
26;6;1;10
26;6;2;10
26;6;2;11
26;7;3;12
26;7;3;13
26;8;3;14
26;8;3;15
26;8;3;16
26;8;3;17
26;9;4;18
26;9;4;19
26;9;4;20
26;10;4;21
26;10;4;22
26;11;4;23
26;12;5;24
26;12;5;25
26;13;5;26
26;14;5;26
26;15;5;27
26;15;5;28
26;15;6;29
26;16;6;30
26;17;6;31
26;18;7;32
26;19;7;33
26;19;7;34
26;19;7;35
26;20;7;36
26;21;7;37
26;21;7;38
26;22;7;39
26;23;7;40
26;24;7;40
26;25;7;40
26;25;7;41
26;26;7;42
26;27;7;42
26;28;8;43
26;28;8;44
26;28;8;45
26;29;8;46
26;30;8;47
26;30;8;48
26;31;8;49
26;32;8;50
26;33;8;50
26;33;8;51
26;34;8;52
26;34;8;53
26;34;8;54
26;35;8;55
26;35;8;56
26;36;8;57
26;37;8;58
26;38;8;59
26;38;8;60
26;38;8;61
26;39;8;62
26;39;8;63
26;39;8;64
26;39;8;65
26;40;8;66
26;40;8;67
26;41;8;68
26;42;8;69
26;43;8;70
26;44;8;70
26;45;8;71
26;46;8;72
26;46;8;73
26;47;8;74
26;48;8;75
26;48;8;76
26;48;8;77
26;49;8;78
26;49;8;79
26;49;8;80
26;49;8;81
26;50;8;82
26;50;8;83
26;51;8;84
26;52;8;84
26;53;8;85
26;54;8;86
26;55;8;87
26;56;8;88
26;57;8;88
26;58;8;89
26;58;8;90
26;58;8;91
26;58;9;91
26;59;9;92
26;60;9;92
26;60;9;93
26;61;10;94
26;62;10;95
26;62;10;96
26;63;10;97
26;63;10;98
26;63;10;99
26;64;10;100
26;64;10;101
26;65;10;102
26;66;10;103
26;66;10;104
26;66;11;104
26;66;12;105
26;66;12;106
26;67;12;107
26;68;12;108
26;68;12;109
26;68;12;110
26;69;12;111
26;69;12;112
26;70;12;113
26;70;12;114
26;71;12;115
26;71;12;116
26;71;12;117
26;72;12;118
26;73;12;119
26;73;12;120
26;74;12;121
26;75;12;122
26;76;12;123
26;76;12;124
26;77;12;125
26;78;12;126
26;79;12;127
26;79;12;128
26;80;12;129
26;81;12;130
26;82;12;131
26;83;13;132
26;83;13;133
26;83;13;134
26;83;13;135
26;84;13;136
26;85;13;137
26;86;13;138
26;87;14;139
26;87;14;140
26;87;14;141
26;87;14;142
26;87;14;143
26;87;14;144
26;87;14;145
26;87;14;146
26;87;14;147
26;88;14;148
26;88;14;149
26;89;14;150
26;89;15;150
26;90;15;151
26;90;15;152
26;90;15;153
26;90;15;154
26;90;15;155
26;90;15;156
26;90;15;157
26;90;15;158
26;90;15;159
26;90;15;160
26;90;15;161
26;91;15;162
26;92;15;163
26;93;15;164
27;1;1;1
27;1;1;2
27;1;1;3
27;2;2;4
27;2;2;5
27;2;2;6
27;2;2;7
27;2;3;8
27;2;3;9
27;2;3;10
27;3;4;11
27;3;4;12
27;4;4;13
27;5;4;14
27;5;4;15
27;5;4;16
27;5;4;17
27;5;4;18
27;5;4;19
27;5;4;20
27;6;4;21
27;7;4;22
27;8;4;23
27;8;4;24
27;9;4;25
27;10;4;26
27;10;4;27
27;11;4;28
27;12;4;29
27;13;4;30
27;14;4;31
27;15;5;32
27;16;5;33
27;17;5;34
27;18;5;35
27;19;5;36
27;20;5;37
27;21;5;38
27;22;5;39
27;23;5;40
27;24;6;41
27;24;6;42
27;25;7;42
27;26;7;43
27;27;7;44
27;28;7;45
27;28;7;46
27;28;7;47
27;28;7;48
27;28;7;49
27;28;7;50
27;28;7;51
27;28;7;52
27;29;7;53
27;30;8;54
27;31;8;55
27;32;8;55
27;33;8;56
27;34;8;57
27;35;8;57
27;36;8;58
27;37;8;59
27;38;8;60
27;39;8;61
27;40;8;62
27;40;8;63
27;41;8;64
27;42;8;65
27;43;8;66
27;43;8;67
27;44;8;68
27;45;8;69
27;46;9;70
27;47;9;71
27;48;9;72
27;49;9;73
27;50;9;74
27;51;9;75
27;52;9;76
27;53;9;76
27;54;9;77
27;55;9;78
27;55;9;79
27;55;9;80
27;56;9;81
27;57;9;81
27;58;9;82
27;59;10;83
27;60;10;84
27;60;10;85
27;60;10;86
27;60;10;87
27;61;10;88
27;62;10;89
27;63;10;90
27;64;10;90
27;65;10;91
27;66;10;92
27;67;11;93
27;68;11;93
27;69;11;93
27;70;11;94
27;71;11;95
27;72;11;96
27;73;11;97
27;74;11;98
27;74;11;99
27;75;11;100
27;76;11;101
27;77;11;102
27;78;11;103
27;79;12;104
27;80;12;105
27;81;12;106
27;82;12;106
27;83;12;107
27;84;12;108
27;85;12;109
27;86;12;110
27;87;12;110
27;88;12;111
27;89;12;112
27;90;12;112
27;91;12;113
27;91;12;114
27;91;12;115
27;91;12;116
27;91;12;117
27;92;12;118
27;93;12;119
27;94;12;120
27;95;12;121
27;96;12;121
27;97;12;122
27;97;12;123
27;98;12;124
27;99;12;125
27;100;12;125
27;101;12;126
27;102;12;126
27;103;12;126
27;104;12;127
27;105;12;128
27;105;12;129
27;105;12;130
27;106;12;131
27;107;12;131
27;108;13;132
27;109;13;133
27;109;13;134
27;109;13;135
27;109;13;136
27;110;13;137
27;110;13;138
27;111;13;138
27;112;13;138
27;112;13;139
27;113;13;139
27;113;13;140
27;114;13;141
27;115;13;141
27;116;13;142
27;117;13;142
27;118;13;143
27;119;13;144
27;120;13;145
27;120;13;146
28;1;1;1
28;1;1;2
28;1;1;3
28;2;1;4
28;2;1;5
28;2;1;6
28;2;1;7
28;2;1;8
28;2;1;9
28;3;2;10
28;3;2;11
28;3;2;12
28;3;2;13
28;4;2;14
28;4;2;15
28;4;2;16
28;4;2;17
28;4;2;18
28;4;2;19
28;4;2;20
28;4;2;21
28;5;2;22
28;5;2;23
28;5;2;24
28;5;2;25
28;5;2;26
28;5;2;27
28;5;2;28
28;5;2;29
28;6;3;30
28;6;3;31
28;6;3;32
28;6;3;33
28;6;4;33
28;6;4;34
28;7;4;35
28;7;4;36
28;7;4;37
28;7;4;38
28;7;4;39
28;8;4;40
28;9;4;41
28;9;4;42
28;10;4;43
28;10;4;44
28;11;4;45
28;11;4;46
28;12;4;47
28;12;4;48
28;12;4;49
28;13;4;50
28;13;4;51
28;13;4;52
28;14;4;52
28;14;4;53
28;14;4;54
28;14;4;55
28;14;4;56
28;14;5;56
28;15;6;57
28;16;6;58
28;17;6;59
28;17;6;60
28;17;6;61
28;17;6;62
28;17;6;63
28;17;6;64
28;18;6;65
28;18;6;66
28;18;6;67
28;19;6;68
28;19;6;69
28;20;7;70
28;20;7;71
28;21;7;72
28;21;7;73
28;21;7;74
28;21;7;75
28;22;7;76
28;23;7;77
28;23;7;78
28;23;7;79
28;23;7;80
28;23;7;81
28;23;7;82
28;23;7;83
28;23;7;84
28;23;7;85
28;23;7;86
28;24;8;87
28;24;8;88
28;25;8;89
28;25;8;90
28;26;8;91
28;27;8;92
28;27;8;93
28;27;8;94
28;27;8;95
28;27;8;96
28;27;8;97
28;27;8;98
28;27;8;99
28;27;8;100
28;27;8;101
28;27;8;102
28;27;8;103
28;27;8;104
28;27;8;105
28;27;8;106
28;28;8;107
28;28;8;108
28;28;8;109
28;28;8;110
28;28;8;111
28;29;8;112
28;29;8;113
28;29;8;114
28;29;8;115
28;29;8;116
28;29;8;117
28;29;8;118
28;30;8;119
28;30;8;120
28;31;8;121
28;32;8;122
28;33;9;123
28;33;9;124
28;33;9;125
28;33;9;126
28;33;9;127
28;33;9;128
28;33;9;129
28;33;9;130
28;34;9;131
28;34;9;132
28;35;9;133
28;35;9;134
28;36;9;135
28;37;9;135
28;37;9;136
28;37;9;137
28;37;9;138
28;37;9;139
28;37;9;140
28;37;9;141
28;37;9;142
28;38;9;143
28;38;9;144
28;39;9;145
28;40;9;146
28;41;9;147
28;41;9;148
28;42;9;148
28;42;9;150
28;42;9;151
28;42;10;152
28;42;10;153
28;42;10;154
28;42;10;155
28;43;10;156
28;44;10;157
28;45;10;158
28;45;10;159
28;45;10;160
28;45;10;161
28;45;10;162
28;46;11;163
28;46;11;164
28;46;11;165
28;46;11;166
28;47;11;167
28;47;11;166
28;47;11;167
28;47;11;168
28;47;11;169
28;47;11;170
28;47;11;171
28;47;11;172
28;48;11;173
28;48;11;174
28;48;11;175
28;48;11;176
28;48;11;177
28;49;11;178
28;49;11;180
28;49;11;181
28;49;11;182
28;50;12;183
28;50;12;184
28;50;12;185
28;50;12;186
28;50;12;187
28;50;12;188
28;51;12;189
28;51;12;190
28;51;12;191
28;52;12;192
28;53;12;193
28;53;12;194
28;53;12;195
28;54;13;196
28;55;13;197
28;56;13;198
28;56;13;199
28;57;13;200
28;57;13;201
28;58;14;202
28;58;14;203
28;58;14;204
28;58;14;205
28;58;14;206
28;58;14;207
28;58;14;208
28;58;14;209
28;58;14;210
28;59;14;211
28;60;15;212
28;60;15;213
28;60;15;214
28;60;15;215
28;61;15;216
28;61;15;217
28;61;15;218
28;62;16;219
28;62;16;220
28;62;16;221
28;62;16;222
28;62;16;223
28;63;16;224
28;63;16;225
28;63;16;226
28;64;16;227
28;65;16;227
28;66;16;228
28;66;16;229
28;67;17;230
28;67;17;231
28;68;17;232
28;69;17;233
28;70;17;234
28;71;17;235
28;71;17;236
28;72;17;237
28;72;17;238
28;73;18;239
28;73;18;240
28;74;18;241
28;74;18;242
28;74;18;243
28;75;18;244
28;76;18;245
28;77;19;246
28;77;19;247
28;77;19;248
28;77;19;249
28;77;19;250
28;77;19;251
28;77;19;252
28;77;19;253
28;77;19;254
28;77;19;255
28;77;19;256
28;78;19;257
28;78;19;258
28;78;19;259
28;79;19;260
28;80;19;261
28;80;19;262
28;81;20;263
28;81;20;264
28;81;20;265
28;81;20;266
28;81;20;267
29;1;1;1
29;1;1;2
29;1;1;3
29;2;1;4
29;3;1;5
29;4;1;5
29;5;1;6
29;5;1;7
29;5;1;8
29;5;1;9
29;5;1;10
29;5;1;11
29;6;1;12
29;6;1;13
29;7;1;14
29;8;1;15
29;8;1;16
29;8;1;17
29;8;1;18
29;8;1;19
29;8;1;20
29;8;1;21
29;8;1;22
29;8;1;23
29;8;1;24
29;8;1;25
29;8;1;26
29;8;1;27
29;8;1;28
29;9;1;29
29;9;2;30
29;9;2;31
29;9;2;32
29;9;2;33
29;9;2;34
29;10;2;35
29;10;2;36
29;10;2;37
29;10;2;38
29;11;3;39
29;11;3;40
29;11;3;41
29;11;3;42
29;11;3;43
29;11;3;44
29;11;3;45
29;11;3;46
29;11;3;47
29;11;3;48
29;11;3;49
29;11;3;50
29;11;3;51
29;12;3;52
29;12;3;53
29;12;3;54
29;13;3;55
29;13;3;56
29;14;4;57
29;14;4;58
29;15;4;59
29;16;4;60
29;17;4;61
29;17;4;62
29;17;4;63
29;17;4;64
29;18;4;65
29;19;4;66
29;20;4;67
29;20;4;68
29;21;4;69
29;21;4;70
29;22;4;71
29;22;4;72
29;22;4;73
29;23;4;74
29;23;4;75
29;23;4;76
29;24;4;77
29;25;4;78
29;25;4;79
29;25;4;80
29;26;4;81
29;26;4;82
29;26;4;83
29;27;4;84
29;27;4;85
29;27;4;86
29;27;4;87
29;27;4;88
29;27;4;89
29;28;4;90
29;29;4;91
29;29;4;92
29;29;4;93
29;30;4;93
29;30;4;94
29;30;4;95
29;30;4;96
29;30;5;96
29;31;5;97
29;32;5;98
29;32;5;99
29;32;5;100
29;32;5;101
29;32;5;102
29;33;5;103
29;33;5;104
29;33;5;105
29;34;6;106
29;34;6;107
29;34;6;108
29;34;6;109
29;34;6;110
29;35;6;111
29;36;6;112
29;36;6;113
29;36;6;114
29;37;6;115
29;37;6;116
29;38;6;117
29;38;6;118
29;38;6;119
29;38;6;120
29;38;6;121
29;38;6;122
29;38;6;123
29;38;6;124
29;38;6;125
29;38;6;126
29;38;6;127
29;38;6;128
29;38;6;129
29;38;6;130
29;38;6;131
29;38;6;132
29;39;6;133
29;39;6;134
29;39;6;135
29;39;6;136
29;39;6;137
29;39;6;138
29;39;6;139
29;39;6;140
29;39;6;141
29;39;6;142
29;39;6;143
30;1;1;1
30;1;1;2
30;2;1;3
30;2;1;4
30;2;1;5
30;2;1;6
30;2;1;7
30;2;1;8
30;2;1;9
30;2;1;10
30;2;1;11
30;3;1;12
30;4;1;13
30;5;2;14
30;5;2;15
30;6;2;16
30;6;2;17
30;6;2;18
30;7;3;19
30;7;3;20
30;8;3;21
30;8;3;22
30;8;3;23
30;8;3;24
30;8;3;25
30;8;3;26
30;9;4;27
30;10;4;28
30;10;4;29
30;10;4;30
30;11;4;31
30;11;4;32
30;12;4;33
30;12;4;34
30;12;4;35
30;12;4;36
30;12;4;37
30;12;4;38
30;12;4;39
30;12;4;40
30;13;4;41
30;14;4;42
30;14;5;43
30;14;6;43
30;15;6;44
30;15;6;45
30;15;6;46
30;16;6;47
30;16;6;48
30;16;6;49
30;16;6;50
30;17;6;51
30;17;6;52
30;18;6;53
30;18;6;54
30;19;7;55
30;19;7;56
30;19;7;57
30;19;7;58
30;20;7;59
30;20;7;60
30;20;7;61
30;20;7;62
30;20;7;63
30;20;7;64
30;21;8;65
30;21;8;66
30;21;8;67
30;21;8;68
30;22;8;69
30;22;8;70
30;22;8;71
30;22;8;72
30;22;8;73
30;22;8;74
30;22;8;75
30;23;9;76
30;23;9;77
30;23;9;78
30;23;9;79
30;23;9;80
30;23;9;81
30;24;10;82
30;24;10;83
30;24;10;84
30;25;10;85
30;26;10;86
30;27;10;87
30;27;10;88
30;27;10;89
30;27;10;90
30;27;10;91
30;27;10;92
30;28;11;93
30;28;11;94
30;29;11;95
30;29;11;96
30;29;11;97
30;30;11;98
30;30;11;99
30;30;11;100
30;30;11;101
30;30;11;102
30;30;11;103
30;30;11;104
30;31;11;105
30;32;12;106
30;33;12;107
30;34;12;108
30;35;12;109
30;36;12;110
30;37;12;111
30;38;13;112
30;39;13;113
30;39;13;114
30;39;13;115
30;39;13;116
30;39;13;117
30;39;13;118
30;40;13;119
30;41;13;120
30;41;13;121
30;42;13;122
30;43;14;123
30;43;14;124
30;43;14;125
30;43;14;126
30;43;14;127
30;43;14;128
30;44;14;129
30;44;14;130
30;45;14;131
30;46;14;132
30;46;14;133
30;46;14;134
30;46;15;134
30;47;15;135
30;47;15;136
30;47;15;137
30;47;15;138
30;47;15;139
30;48;15;140
30;49;15;141
30;49;15;142
30;49;15;143
30;50;15;144
30;51;15;145
30;52;15;146
30;53;16;147
30;53;16;148
30;53;16;149
31;1;1;1
31;1;1;2
31;1;1;3
31;2;2;4
31;2;2;5
31;3;2;6
31;3;2;7
31;3;2;8
31;4;2;8
31;5;2;9
31;6;2;10
31;7;2;10
31;8;2;11
31;8;2;12
31;9;2;13
31;10;2;14
31;11;2;15
31;12;2;15
31;13;2;16
31;14;2;17
31;15;2;18
31;16;2;19
31;17;2;20
31;18;2;21
31;18;2;22
31;18;2;23
31;18;2;24
31;19;2;25
31;19;2;26
31;19;2;27
31;19;2;28
31;20;2;29
31;20;2;30
31;21;3;31
31;21;3;32
31;21;3;33
31;21;3;34
31;21;3;35
31;22;3;36
31;22;3;37
31;23;3;38
31;23;3;39
31;23;3;40
31;24;3;41
31;25;3;42
31;26;3;43
31;27;3;44
31;27;3;45
31;27;3;46
31;28;3;47
31;28;3;48
31;28;3;49
31;28;3;50
31;28;4;50
31;28;4;51
31;29;4;52
31;30;4;53
31;30;5;54
31;30;5;55
31;30;5;56
31;31;6;57
31;31;6;58
31;32;6;59
31;32;6;60
31;32;6;61
31;33;6;62
31;33;6;63
31;33;6;64
31;33;6;65
31;33;6;66
31;34;6;67
31;35;6;68
31;36;6;69
31;37;6;70
31;37;6;71
31;38;6;72
31;39;7;73
31;39;7;74
31;39;7;75
31;39;7;76
31;39;7;77
31;39;7;78
31;39;7;79
31;39;7;80
31;39;7;81
31;39;7;82
31;40;7;83
31;41;7;84
31;41;7;85
31;41;7;86
31;41;7;87
31;41;7;88
31;41;7;89
31;42;7;90
31;42;7;91
31;42;7;92
31;43;7;93
31;43;8;94
31;44;8;95
31;44;8;96
31;44;8;97
31;45;9;98
31;45;9;99
31;45;9;100
31;45;9;101
31;45;9;102
31;45;9;103
31;45;9;104
31;45;9;105
31;46;10;106
31;46;10;107
31;46;10;108
31;46;10;109
31;46;10;110
31;46;10;111
31;46;10;112
31;46;10;113
31;46;10;114
31;46;10;115
31;46;10;116
31;46;10;117
31;46;10;118
31;46;10;119
31;46;10;120
31;46;10;121
31;46;10;122
31;47;11;123
31;47;11;124
31;47;11;125
31;47;11;126
31;47;11;127
31;47;11;128
31;47;11;129
31;47;11;130
31;47;11;131
32;1;1;1
32;1;1;2
32;1;1;3
32;1;1;4
32;1;1;5
32;1;1;6
32;2;1;7
32;3;1;8
32;3;1;9
32;4;1;10
32;5;2;11
32;5;2;12
32;5;2;13
32;5;2;14
32;6;2;15
32;7;2;16
32;8;2;17
32;9;2;18
32;9;2;19
32;10;2;20
32;11;2;21
32;11;2;22
32;11;2;23
32;11;2;24
32;12;2;25
32;13;3;26
32;13;3;27
32;13;3;28
32;13;3;29
32;13;3;30
32;13;3;31
32;14;4;32
32;14;4;33
32;14;4;34
32;14;4;35
32;14;4;36
32;14;4;37
32;14;4;38
32;14;4;39
32;14;4;40
32;14;4;41
32;15;4;42
32;16;5;43
32;16;5;44
32;17;5;45
32;17;5;46
32;17;5;47
32;18;5;48
32;18;5;49
32;18;5;50
32;18;5;51
32;18;5;52
32;19;5;53
32;19;5;54
32;19;5;55
32;19;5;56
32;20;5;57
32;20;5;58
32;21;6;59
32;21;6;60
32;21;6;61
32;21;6;62
32;21;6;63
32;21;6;64
32;21;6;65
32;22;6;66
32;23;7;67
32;23;7;68
32;24;7;69
32;24;7;70
32;24;7;71
32;24;7;72
32;24;7;73
32;24;7;74
32;24;7;75
32;24;7;76
32;25;7;77
32;25;7;78
32;26;7;79
32;26;7;80
32;26;7;81
32;26;7;82
32;27;7;83
32;27;7;84
32;27;7;85
32;27;8;85
32;27;8;86
32;27;8;87
32;28;8;88
32;28;8;89
32;28;8;90
32;29;8;91
32;29;8;92
32;30;9;93
32;31;9;94
32;31;9;95
32;31;9;96
32;31;9;97
32;31;9;98
32;31;9;99
32;31;9;100
32;31;9;101
32;32;9;102
32;32;9;103
32;33;9;104
32;33;9;105
32;34;9;106
32;34;9;107
32;34;9;108
32;35;9;109
32;36;9;110
32;36;9;111
32;37;9;112
32;38;10;113
32;38;10;114
32;38;10;115
32;38;10;116
32;39;10;117
32;39;10;118
32;40;10;119
32;41;10;120
32;42;10;121
32;42;10;122
32;42;10;123
32;42;10;124
32;43;10;125
32;44;10;126
32;44;10;127
32;45;10;128
32;46;10;129
32;46;10;130
32;46;10;131
32;46;10;132
32;46;10;133
32;46;10;134
32;47;10;135
32;47;10;136
32;48;10;137
32;48;10;138
32;49;10;138
32;50;10;139
32;51;10;140
32;52;10;140
32;52;10;141
32;53;11;142
32;53;11;143
32;53;11;144
32;53;11;145
32;53;11;146
32;53;11;147
32;53;11;148
32;53;11;149
32;53;11;150
32;53;11;151
32;54;11;152
32;54;11;153
32;54;11;154
33;1;1;1
33;1;1;2
33;1;1;3
33;2;1;4
33;2;1;5
33;3;1;6
33;3;1;7
33;4;1;8
33;4;1;9
33;4;1;10
33;4;1;11
33;4;1;12
33;4;1;13
33;5;1;14
33;5;1;15
33;5;1;16
33;6;1;17
33;6;1;18
33;6;1;19
33;6;1;20
33;6;1;21
33;6;1;22
33;6;1;23
33;6;1;24
33;6;1;25
33;6;1;26
33;6;1;27
33;6;1;28
33;7;1;29
33;7;1;30
33;7;2;31
33;8;2;32
33;8;2;33
33;8;2;34
33;9;2;35
33;9;2;36
33;10;2;37
33;11;2;38
33;12;3;39
33;12;3;40
33;12;3;41
33;13;3;42
33;13;3;43
33;13;3;44
33;13;3;45
33;13;3;46
33;13;3;47
33;14;3;48
33;14;3;49
33;14;3;50
33;15;3;51
33;15;3;52
33;16;3;53
33;16;3;54
33;17;3;55
33;17;3;56
33;18;3;57
33;19;3;58
33;19;3;59
33;19;3;60
33;19;3;61
33;19;3;62
33;19;3;63
33;20;3;64
33;20;3;65
33;21;4;66
33;21;4;67
33;21;4;68
33;21;4;69
33;21;4;70
33;21;4;71
33;21;4;72
33;21;4;73
33;21;4;74
33;21;4;75
33;21;4;76
33;21;4;77
33;21;4;78
33;22;4;79
33;23;4;80
33;23;4;81
33;24;4;82
33;24;4;83
33;25;4;84
33;25;4;85
33;26;5;86
33;26;5;87
33;26;5;88
33;27;5;89
33;27;5;90
33;27;5;91
33;28;5;92
33;29;5;93
33;30;5;94
33;31;6;95
33;31;6;96
33;31;6;97
33;31;6;98
33;32;6;99
33;32;6;100
33;33;6;101
33;34;6;102
33;34;6;103
33;34;6;104
33;35;6;105
33;35;6;106
33;35;6;107
33;35;6;108
33;35;6;109
33;35;6;110
33;36;7;111
33;36;7;112
33;37;7;113
33;37;7;114
33;38;7;115
33;38;7;116
33;39;7;117
33;40;7;118
33;40;7;119
33;40;7;120
33;40;7;121
33;40;7;122
33;41;8;123
33;41;8;124
33;42;8;125
33;43;8;126
33;44;8;127
33;45;9;128
33;45;9;129
33;45;9;130
33;46;9;131
33;46;9;132
33;47;10;133
33;47;10;134
33;47;10;135
33;47;10;136
33;47;10;137
33;48;10;138
33;49;11;139
33;49;11;140
33;50;11;141
33;50;11;142
33;50;11;143
33;51;11;144
33;52;11;145
33;52;11;146
33;53;11;147
33;53;11;148
33;53;11;149
33;53;11;150
33;54;12;151
33;54;12;152
33;54;12;153
33;55;12;154
33;55;12;155
33;55;12;156
33;55;12;157
33;55;12;158
33;56;12;158
33;56;12;159
33;56;12;160
33;57;13;161
33;57;13;162
33;57;13;163
33;57;13;164
34;1;1;1
34;2;1;2
34;2;2;2
34;2;2;3
34;2;2;4
34;3;2;5
34;3;2;6
34;3;2;7
34;3;2;8
34;4;2;9
34;5;2;10
34;6;3;11
34;6;3;12
34;7;3;13
34;8;3;14
34;9;4;15
34;9;4;16
34;9;4;17
34;10;5;18
34;10;5;19
34;11;5;20
34;11;5;21
34;11;5;22
34;11;6;23
34;11;6;24
34;11;6;25
34;12;6;26
34;12;6;27
34;13;6;28
34;13;6;29
34;14;6;30
34;14;6;31
34;15;6;32
34;16;7;33
34;16;7;34
34;16;7;35
34;17;7;36
34;17;7;37
34;17;7;38
34;18;7;39
34;18;7;40
34;18;7;41
34;18;7;42
34;18;7;43
34;18;7;44
34;18;7;45
34;18;7;46
34;18;7;47
34;18;8;48
34;19;8;49
34;19;8;50
34;19;8;51
34;19;8;52
34;19;8;53
34;19;8;54
34;19;8;55
34;19;8;56
34;19;8;57
34;19;8;58
34;19;8;59
34;19;8;60
34;19;8;61
34;19;8;62
34;19;8;63
34;19;8;64
34;19;8;65
34;19;8;66
34;19;8;67
34;19;8;68
34;19;8;69
34;19;8;70
34;19;8;71
34;19;8;72
34;19;8;73
34;19;8;74
34;19;8;75
34;19;8;76
34;19;8;77
34;19;8;78
34;19;8;79
34;19;8;80
34;19;8;81
34;19;8;82
34;19;8;83
34;19;8;84
34;19;8;85
34;19;8;86
34;19;8;87
34;19;8;88
34;19;8;89
34;19;8;90
34;19;8;91
34;19;8;92
34;19;8;93
34;20;8;94
34;20;8;95
34;20;8;96
34;20;9;96
34;20;9;97
34;20;9;98
34;21;9;99
34;22;10;100
34;22;10;101
34;22;10;102
34;22;10;103
34;22;10;104
34;23;10;105
34;23;10;106
34;24;11;107
34;24;11;108
34;25;11;108
34;25;11;109
34;26;11;110
34;26;11;111
34;26;11;112
34;26;11;113
34;27;11;114
34;27;11;115
34;28;12;116
34;29;12;117
34;29;12;118
34;29;12;119
34;30;12;120
34;31;12;121
34;31;12;122
34;32;12;123
34;32;12;124
34;32;12;125
34;32;12;126
34;32;12;127
34;33;13;128
34;33;13;129
34;34;13;130
34;34;13;131
34;34;13;132
34;35;13;133
34;36;13;134
34;37;13;135
34;37;13;136
34;38;13;137
34;39;14;138
34;39;14;139
34;40;14;140
34;40;14;141
34;41;14;142
34;41;14;143
34;41;14;144
34;41;14;145
34;41;14;146
34;42;14;147
34;42;14;148
34;43;14;149
34;43;15;149
34;43;15;150
34;44;15;151
34;45;15;152
34;45;15;153
34;46;15;154
34;46;15;155
34;47;16;156
34;47;16;157
34;47;16;158
34;47;16;159
34;48;17;160
34;48;17;161
34;48;17;162
34;48;17;163
34;49;17;164
34;49;17;165
34;50;18;166
34;50;18;167
34;50;18;168
34;50;18;169
34;50;18;170
34;51;18;171
34;52;18;172
34;53;18;173
34;53;18;174
34;54;18;175
34;54;18;176
34;55;18;177
34;56;18;178
35;1;1;1
35;1;1;2
35;1;1;3
35;2;2;4
35;2;2;5
35;2;2;6
35;2;2;7
35;2;2;8
35;2;2;9
35;2;2;10
35;2;2;11
35;3;3;12
35;4;3;13
35;4;3;14
35;5;3;15
35;5;3;16
35;6;3;17
35;6;3;18
35;7;4;19
35;7;4;20
35;7;4;21
35;7;4;22
35;7;4;23
35;8;4;24
35;8;4;25
35;9;4;26
35;10;4;27
35;10;4;28
35;11;5;29
35;12;6;30
35;13;6;31
35;13;6;32
35;14;6;33
35;14;6;34
35;15;6;35
35;16;6;35
35;17;6;36
35;18;6;36
35;19;6;37
35;20;6;38
35;21;6;38
35;22;6;39
35;23;6;40
35;24;6;40
35;25;6;41
35;25;6;42
35;25;6;43
35;26;6;44
35;26;6;45
35;27;6;46
35;28;6;47
35;29;6;48
35;30;6;48
35;31;7;49
35;32;7;50
35;33;7;51
35;33;7;52
35;34;8;53
35;34;8;54
35;34;8;55
35;34;8;56
35;34;8;57
35;35;9;58
35;35;9;59
35;36;9;60
35;36;9;61
35;36;9;62
35;36;9;63
35;36;9;64
35;36;10;65
35;36;10;66
35;36;10;67
35;36;10;68
35;36;10;69
35;36;10;70
35;36;10;71
35;36;10;72
35;36;10;73
35;36;10;74
35;36;10;75
35;36;10;76
35;36;10;77
35;36;10;78
35;36;10;79
35;36;10;80
35;36;10;81
35;36;10;82
35;36;10;83
35;36;10;84
35;36;10;85
35;36;10;86
35;36;10;87
35;36;10;88
35;36;10;89
35;36;10;90
35;36;10;91
35;36;10;92
35;36;10;93
35;36;10;94
35;36;10;95
35;36;10;96
35;36;10;97
35;36;10;98
35;36;10;99
35;36;10;100
35;36;10;101
35;36;10;102
35;36;10;103
35;36;10;104
35;36;10;105
35;36;10;106
35;36;10;107
35;36;10;108
35;36;10;109
35;36;10;110
35;36;10;111
35;37;10;112
35;37;10;113
35;37;10;114
35;37;10;115
35;37;10;116
35;37;10;117
35;37;10;118
35;37;10;119
35;37;10;120
35;38;11;121
35;39;11;122
35;40;11;123
35;40;11;124
35;40;11;125
35;40;11;126
35;40;11;127
35;40;11;128
35;40;11;129
35;40;11;130
35;40;11;131
35;40;11;132
35;40;11;133
35;40;11;134
35;40;11;135
35;40;11;136
35;40;11;137
35;40;11;138
35;40;11;139
35;40;11;140
35;40;11;141
35;40;11;142
35;40;11;143
35;40;11;144
35;40;11;145
35;40;11;146
35;40;11;147
35;40;11;148
35;41;11;149
35;42;11;150
35;43;12;151
35;43;12;152
35;44;12;153
35;45;12;154
35;45;12;155
35;45;12;156
35;45;12;157
35;46;12;158
35;46;12;159
35;46;12;160
35;46;12;161
35;46;12;162
35;46;12;163
35;46;12;164
35;46;12;165
35;47;13;166
35;47;13;167
35;47;13;168
35;48;14;169
35;49;14;170
35;49;14;171
35;49;14;172
35;49;14;173
35;50;15;174
35;50;15;175
35;50;15;176
35;50;15;177
35;51;15;178
35;51;15;179
35;51;15;180
35;51;15;181
35;51;15;182
35;52;15;183
35;52;15;184
35;52;15;185
35;52;15;186
35;52;15;187
35;52;15;188
35;52;15;189
35;52;15;190
35;53;16;191
35;54;16;192
35;55;16;192
35;55;16;193
35;56;16;194
35;57;17;195
35;57;17;196
35;57;17;197
35;57;17;198
35;58;17;199
35;58;18;200
35;58;18;201
35;59;19;202
36;1;1;1
36;1;1;2
36;1;1;3
36;2;1;4
36;2;2;5
36;2;2;6
36;3;3;7
36;3;3;8
36;4;4;9
36;4;4;10
36;4;5;11
36;4;5;12
36;4;5;13
36;4;5;14
36;4;5;15
36;4;5;16
36;4;5;17
36;4;5;18
36;4;5;19
36;4;5;20
36;4;5;21
36;4;5;22
36;4;5;23
36;4;5;24
36;4;5;25
36;4;5;26
36;4;5;27
36;4;5;28
36;4;5;29
36;4;5;30
36;4;5;31
36;4;5;32
36;4;5;33
36;4;5;34
36;4;5;35
36;4;5;36
36;4;5;37
36;4;5;38
36;4;5;39
36;4;5;40
36;4;5;41
36;4;5;42
36;4;5;43
36;5;6;44
36;5;6;45
36;5;6;46
36;6;6;47
36;7;6;48
36;8;6;49
36;8;6;50
36;9;6;51
36;9;6;52
36;9;6;53
36;10;7;54
36;11;7;54
36;11;7;55
36;11;7;56
36;11;7;57
36;11;7;58
36;12;7;59
36;12;7;60
36;12;8;60
36;12;8;61
36;13;8;62
36;13;8;63
36;14;8;64
36;14;8;65
36;14;9;66
36;14;9;67
36;14;9;68
36;14;9;69
36;14;9;70
36;14;9;71
36;15;10;72
36;15;10;73
36;15;11;74
36;16;12;75
36;16;12;76
36;17;12;77
36;17;12;78
36;17;12;79
36;17;12;80
36;17;12;81
36;17;12;82
36;18;12;83
36;19;13;84
36;19;13;85
36;19;13;86
36;19;13;87
36;19;13;88
36;19;13;89
36;19;13;90
36;19;13;91
36;19;13;92
36;19;13;93
36;20;13;94
36;21;14;95
36;21;14;96
36;21;14;97
36;22;15;98
36;23;15;99
36;23;15;100
36;24;15;101
36;24;15;102
36;24;15;103
36;24;15;104
36;24;15;105
36;24;15;106
36;24;15;107
36;24;15;108
36;24;15;109
36;24;15;110
36;24;15;111
36;24;15;112
36;24;15;113
36;24;15;114
36;24;15;115
36;24;15;116
36;24;15;117
36;24;15;118
36;24;15;119
36;24;15;120
36;24;15;121
36;24;15;122
36;24;15;123
36;24;15;124
36;24;15;125
36;25;16;126
36;25;16;127
36;25;16;128
36;25;16;129
36;25;16;130
36;26;16;130
36;27;17;131
36;28;17;132
36;28;17;133
36;29;18;134
36;29;18;135
36;30;18;136
36;30;19;137
36;30;19;138
36;31;19;139
36;32;19;140
36;33;19;140
36;34;19;141
36;34;19;142
36;35;19;143
36;36;19;143
36;37;20;144
36;37;20;145
36;38;20;146
36;38;20;147
36;38;20;148
36;39;21;149
36;39;21;150
36;39;21;151
36;40;21;152
36;41;21;153
36;42;21;154
36;42;21;155
36;42;21;156
36;43;22;157
36;43;22;158
36;44;22;159
36;45;22;160
36;45;22;161
36;45;22;162
36;46;22;163
36;47;22;164
36;47;22;165
36;48;22;166
36;48;22;167
36;49;22;168
36;49;22;169
36;50;22;170
36;51;22;171
36;51;22;172
36;52;23;173
36;53;23;174
36;54;23;175
36;55;23;176
36;55;23;177
36;56;23;178
36;56;23;179
36;57;24;180
36;58;24;181
36;59;24;182
36;59;24;183
36;60;25;184
36;61;25;185
36;62;25;186
36;62;25;187
36;63;25;188
36;64;25;189
36;65;26;190
36;65;26;191
36;66;26;192
36;66;26;193
36;66;26;194
36;66;26;195
36;67;26;196
36;67;26;197
36;67;26;198
36;67;26;199
36;68;26;200
36;68;27;200
36;68;27;201
36;69;27;202
36;69;27;203
36;70;27;204
37;1;1;1
37;1;1;2
37;2;1;3
37;2;1;4
37;3;1;5
37;3;1;6
37;3;1;7
37;3;1;8
37;4;1;8
37;5;1;9
37;5;1;10
37;5;1;11
37;6;1;12
37;6;2;12
37;6;2;13
37;6;2;14
37;6;2;15
37;6;2;16
37;6;2;17
37;7;2;18
37;7;2;19
37;7;2;20
37;8;2;21
37;8;2;22
37;9;2;23
37;9;2;24
37;9;2;25
37;9;2;26
37;10;2;27
37;10;2;28
37;10;2;29
37;11;2;30
37;11;2;31
37;11;2;32
37;11;2;33
37;11;2;34
37;11;2;35
37;11;2;36
37;11;2;37
37;11;2;38
37;11;2;39
37;11;2;40
37;11;2;41
37;11;3;42
37;11;3;43
37;11;3;44
37;11;3;45
37;11;3;46
37;12;3;47
37;12;3;48
37;12;3;49
37;12;3;50
37;12;3;51
37;13;3;52
37;13;3;53
37;14;3;54
37;15;4;55
37;15;4;56
37;15;4;57
37;15;4;58
37;15;4;59
37;15;4;60
37;15;4;61
37;16;4;62
37;16;5;62
37;16;5;63
37;16;5;64
37;17;5;65
37;17;5;66
37;18;5;67
37;18;5;68
37;18;5;69
37;18;5;70
37;18;5;71
37;18;5;72
37;18;5;73
37;19;5;74
37;19;5;75
37;20;5;76
37;20;5;77
37;20;5;78
37;20;5;79
37;21;6;80
37;21;6;81
37;21;6;82
37;22;6;83
37;22;6;84
37;23;6;85
37;23;6;86
37;23;6;87
37;23;6;88
37;23;6;89
37;24;6;90
37;24;6;91
37;25;7;92
37;25;7;93
37;25;7;94
37;25;7;95
37;25;7;96
37;25;7;97
37;26;7;98
37;27;7;99
37;28;7;100
37;28;7;101
37;28;7;102
37;29;7;103
37;30;7;104
37;31;7;105
37;31;7;106
37;31;7;107
37;32;8;107
37;32;8;108
37;32;8;109
37;33;8;110
37;33;8;111
37;33;8;112
37;34;8;113
37;35;8;114
37;36;8;114
37;37;8;115
37;37;8;116
37;37;8;117
37;37;9;118
37;38;9;119
37;39;9;120
37;40;9;121
37;40;9;122
37;40;9;123
37;40;9;124
37;41;9;125
37;42;9;126
37;43;9;127
37;44;9;128
37;45;9;128
37;46;9;129
37;46;9;130
37;47;9;131
37;48;9;132
37;49;9;133
37;50;9;133
37;51;9;134
37;51;9;135
37;52;9;135
37;52;9;136
37;52;9;137
37;52;9;138
37;53;9;138
37;54;9;138
37;54;10;139
37;54;10;140
37;54;10;141
37;54;10;142
37;54;10;143
37;54;10;144
37;54;10;145
37;54;10;146
37;54;10;147
37;54;10;148
37;55;10;149
37;55;10;150
37;56;10;151
37;56;10;152
37;56;10;153
37;56;10;154
37;56;10;155
37;56;10;156
37;57;10;157
37;57;10;158
37;58;10;159
37;58;10;160
37;58;10;161
37;59;10;162
37;59;10;163
37;59;10;164
37;60;10;165
37;60;10;166
37;60;10;167
37;60;10;168
37;60;10;169
37;61;10;170
37;62;10;171
37;62;10;172
37;63;10;173
37;63;10;174
37;64;10;175
37;65;10;176
37;65;10;177
37;66;10;178
37;66;10;179
37;66;10;180
37;67;10;181
37;67;10;182
37;68;10;183
37;68;10;184
37;69;10;184
37;70;10;185
37;71;11;186
37;72;11;187
37;73;11;188
37;73;11;189
37;73;11;190
37;73;11;191
37;73;11;192
37;74;12;193
37;74;12;194
37;74;12;195
37;75;12;196
37;75;12;197
37;76;13;198
37;76;13;199
37;76;13;200
37;77;13;201
37;77;13;202
37;77;13;203
37;78;13;204
37;78;13;205
